id,ch,py
0,°¡,a
1,°¢,a
2,ºÇ,a
3,ß¹,a
4,àÄ,a
5,ëç,a
6,ï¹,a
7,°®,ai
8,°«,ai
9,°¤,ai
10,°¥,ai
11,°­,ai
12,°©,ai
13,°¬,ai
14,°¦,ai
15,°§,ai
16,°ª,ai
17,°¯,ai
18,°£,ai
19,°¨,ai
20,´ô,ai
21,àÉ,ai
22,æÈ,ai
23,è¨,ai
24,êÓ,ai
25,Şß,ai
26,íÁ,ai
27,àÈ,ai
28,ïÍ,ai
29,ö°,ai
30,°´,an
31,°²,an
32,°µ,an
33,°¶,an
34,°³,an
35,°¸,an
36,°°,an
37,°±,an
38,°·,an
39,³§,an
40,¹ã,an
41,âÖ,an
42,Şî,an
43,áí,an
44,ï§,an
45,èñ,an
46,ÚÏ,an
47,ğÆ,an
48,Ûû,an
49,÷ö,an
50,°º,ang
51,°¹,ang
52,°»,ang
53,°À,ao
54,°¼,ao
55,°Á,ao
56,°Â,ao
57,°¾,ao
58,°Ã,ao
59,°½,ao
60,°¿,ao
61,°Ä,ao
62,Ïù,ao
63,ŞÖ,ao
64,æÁ,ao
65,âÚ,ao
66,æñ,ao
67,à»,ao
68,Ûê,ao
69,åÛ,ao
70,ñú,ao
71,òü,ao
72,éá,ao
73,öË,ao
74,÷¡,ao
75,÷é,ao
76,á®,ao
77,°Ñ,ba
78,°Ë,ba
79,°É,ba
80,°Ö,ba
81,°Î,ba
82,°Õ,ba
83,°Ï,ba
84,°Í,ba
85,°Å,ba
86,°Ç,ba
87,°Ó,ba
88,°Ô,ba
89,°È,ba
90,°Ğ,ba
91,°Ê,ba
92,°Ì,ba
93,°Ò,ba
94,°Æ,ba
95,ôÎ,ba
96,ÜØ,ba
97,á±,ba
98,öÑ,ba
99,îÙ,ba
100,÷É,ba
101,İÃ,ba
102,å±,ba
103,°Ù,bai
104,°×,bai
105,°Ú,bai
106,°Ü,bai
107,°Ø,bai
108,°İ,bai
109,°Û,bai
110,²®,bai
111,°Ş,bai
112,Şã,bai
113,ßÂ,bai
114,êş,bai
115,°ë,ban
116,°ì,ban
117,°à,ban
118,°ã,ban
119,°è,ban
120,°á,ban
121,°æ,ban
122,°ß,ban
123,°å,ban
124,°é,ban
125,°â,ban
126,°ç,ban
127,°ê,ban
128,°ä,ban
129,°í,ban
130,ñ­,ban
131,Ûà,ban
132,îÓ,ban
133,ô²,ban
134,Úæ,ban
135,ñ£,ban
136,°ï,bang
137,°ô,bang
138,°ó,bang
139,°õ,bang
140,°÷,bang
141,°î,bang
142,°ñ,bang
143,°ö,bang
144,°ø,bang
145,°ğ,bang
146,°ò,bang
147,°ù,bang
148,äº,bang
149,İò,bang
150,°ü,bao
151,±§,bao
152,±¨,bao
153,±¥,bao
154,±£,bao
155,±©,bao
156,±¡,bao
157,±¦,bao
158,±¬,bao
159,°ş,bao
160,±ª,bao
161,ÅÙ,bao
162,±¢,bao
163,°ı,bao
164,±¤,bao
165,°ú,bao
166,°û,bao
167,±«,bao
168,ÅÚ,bao
169,ÆÙ,bao
170,öµ,bao
171,æß,bao
172,ìÒ,bao
173,ñÙ,bao
174,ğ±,bao
175,õÀ,bao
176,İá,bao
177,±»,bei
178,±±,bei
179,±¶,bei
180,±­,bei
181,±³,bei
182,±¯,bei
183,±¸,bei
184,±®,bei
185,±°,bei
186,±´,bei
187,±²,bei
188,±µ,bei
189,±º,bei
190,±·,bei
191,±¹,bei
192,±Û,bei
193,ñØ,bei
194,ã£,bei
195,İí,bei
196,ğÇ,bei
197,öÍ,bei
198,ßÂ,bei
199,ßÂ,bai
200,Úı,bei
201,÷¹,bei
202,ØÃ,bei
203,Úé,bei
204,íÕ,bei
205,±¾,ben
206,±¼,ben
207,±½,ben
208,±¿,ben
209,º»,ben
210,ï¼,ben
211,êÚ,ben
212,ÛÎ,ben
213,ÛĞ,ben
214,±Ä,beng
215,±Á,beng
216,±Â,beng
217,±À,beng
218,±Å,beng
219,°ö,beng
220,°ö,bang
221,±Ã,beng
222,ê´,beng
223,àÔ,beng
224,±È,bi
225,±Ê,bi
226,±Õ,bi
227,±Ç,bi
228,±Ì,bi
229,±Ø,bi
230,±Ü,bi
231,±Æ,bi
232,±Ï,bi
233,±Û,bi
234,±Û,bei
235,±Ë,bi
236,±É,bi
237,±Ú,bi
238,±Í,bi
239,±Ò,bi
240,±×,bi
241,±Ù,bi
242,±Î,bi
243,±Ğ,bi
244,±Ó,bi
245,±Ö,bi
246,±İ,bi
247,±Ñ,bi
248,±Ô,bi
249,ÃØ,bi
250,ÃÚ,bi
251,ïõ,bi
252,Şµ,bi
253,İ©,bi
254,ÜÅ,bi
255,İÉ,bi
256,Ø°,bi
257,ñÔ,bi
258,î¯,bi
259,ÙÂ,bi
260,æÔ,bi
261,áù,bi
262,óÙ,bi
263,óë,bi
264,ó÷,bi
265,ô°,bi
266,Üê,bi
267,ôÅ,bi
268,âØ,bi
269,îé,bi
270,õÏ,bi
271,ßÁ,bi
272,ã¹,bi
273,êÚ,bi
274,êÚ,ben
275,ää,bi
276,å¨,bi
277,èµ,bi
278,ßÙ,bi
279,÷Â,bi
280,åö,bi
281,åş,bi
282,æ¾,bi
283,±ß,bian
284,±ä,bian
285,±ã,bian
286,±é,bian
287,±à,bian
288,±ç,bian
289,±â,bian
290,±á,bian
291,±Ş,bian
292,±å,bian
293,±æ,bian
294,±è,bian
295,âí,bian
296,í¾,bian
297,ØÒ,bian
298,ãê,bian
299,íÜ,bian
300,òù,bian
301,ñÛ,bian
302,öı,bian
303,óÖ,bian
304,ÜĞ,bian
305,ñ¹,bian
306,ÛÍ,bian
307,÷Ô,bian
308,çÂ,bian
309,ìÔ,bian
310,±í,biao
311,±ê,biao
312,±ë,biao
313,±ì,biao
314,è¼,biao
315,æ»,biao
316,ì©,biao
317,ì­,biao
318,÷§,biao
319,ñ¦,biao
320,ì®,biao
321,ïğ,biao
322,ñÑ,biao
323,æô,biao
324,ïÚ,biao
325,±ğ,bie
326,±ï,bie
327,±î,bie
328,±ñ,bie
329,õ¿,bie
330,±ö,bin
331,±ô,bin
332,±÷,bin
333,±ò,bin
334,±ó,bin
335,±õ,bin
336,áÙ,bin
337,ë÷,bin
338,éë,bin
339,çÍ,bin
340,÷Æ,bin
341,ÙÏ,bin
342,éÄ,bin
343,÷Ş,bin
344,ïÙ,bin
345,çã,bin
346,²¢,bing
347,²¡,bing
348,±ø,bing
349,±ù,bing
350,±û,bing
351,±ı,bing
352,ÆÁ,bing
353,±ü,bing
354,±ú,bing
355,±ş,bing
356,Şğ,bing
357,éÄ,bing
358,éÄ,bin
359,Ù÷,bing
360,Úû,bing
361,²¦,bo
362,²¨,bo
363,²¥,bo
364,²´,bo
365,²©,bo
366,²®,bo
367,²®,bai
368,²µ,bo
369,²£,bo
370,°ş,bo
371,°ş,bao
372,±¡,bo
373,±¡,bao
374,²ª,bo
375,²¤,bo
376,²§,bo
377,²«,bo
378,²±,bo
379,²¯,bo
380,°ã,bo
381,°ã,ban
382,°Ø,bo
383,°Ø,bai
384,²°,bo
385,²³,bo
386,²¬,bo
387,²­,bo
388,²²,bo
389,ÆÇ,bo
390,²·,bo
391,íç,bo
392,õË,bo
393,éŞ,bo
394,Ùñ,bo
395,ğ¾,bo
396,õÛ,bo
397,à£,bo
398,Ş¬,bo
399,ô¤,bo
400,îà,bo
401,âÄ,bo
402,ë¢,bo
403,²»,bu
404,²½,bu
405,²¹,bu
406,²¼,bu
407,²¿,bu
408,²¶,bu
409,²·,bu
410,²·,bo
411,²¾,bu
412,²¸,bu
413,±¤,bu
414,±¤,bao
415,²º,bu
416,²À,bu
417,ÆÒ,bu
418,ê³,bu
419,åÍ,bu
420,êÎ,bu
421,îß,bu
422,îĞ,bu
423,õ³,bu
424,ß²,bu
425,²Á,ca
426,²ğ,ca
427,íå,ca
428,àê,ca
429,²Å,cai
430,²Ë,cai
431,²É,cai
432,²Ä,cai
433,²Æ,cai
434,²Ã,cai
435,²Â,cai
436,²È,cai
437,²Ç,cai
438,²Ì,cai
439,²Ê,cai
440,²Ï,can
441,²Ğ,can
442,²ô,can
443,²Î,can
444,²Ò,can
445,²Ñ,can
446,²Í,can
447,²Ó,can
448,æî,can
449,è²,can
450,åî,can
451,÷õ,can
452,ôÓ,can
453,²Ø,cang
454,²Ö,cang
455,²×,cang
456,²Õ,cang
457,²Ô,cang
458,Ø÷,cang
459,²İ,cao
460,²Ù,cao
461,²Ü,cao
462,²Û,cao
463,²Ú,cao
464,àĞ,cao
465,ô½,cao
466,ó©,cao
467,äî,cao
468,²á,ce
469,²à,ce
470,²ß,ce
471,²â,ce
472,²Ş,ce
473,âü,ce
474,²Î,cen
475,²Î,can
476,á¯,cen
477,ä¹,cen
478,Ôø,ceng
479,²ã,ceng
480,²ä,ceng
481,àá,ceng
482,²é,cha
483,²å,cha
484,²æ,cha
485,²è,cha
486,²î,cha
487,²í,cha
488,²ë,cha
489,²ì,cha
490,²ç,cha
491,²ê,cha
492,É²,cha
493,²ï,cha
494,é«,cha
495,é¶,cha
496,ïï,cha
497,ñÃ,cha
498,ãâ,cha
499,âÇ,cha
500,éß,cha
501,æ±,cha
502,è¾,cha
503,ïÊ,cha
504,àê,cha
505,àê,ca
506,²ñ,chai
507,²ğ,chai
508,²ğ,ca
509,²î,chai
510,²î,cha
511,²ò,chai
512,îÎ,chai
513,ğû,chai
514,ò²,chai
515,Ù­,chai
516,²ú,chan
517,²ø,chan
518,²ô,chan
519,²ô,can
520,²ó,chan
521,²û,chan
522,²ü,chan
523,²ù,chan
524,²÷,chan
525,²õ,chan
526,µ¥,chan
527,²ö,chan
528,êè,chan
529,æ¿,chan
530,İÛ,chan
531,ÚÆ,chan
532,Ùæ,chan
533,âÜ,chan
534,åî,chan
535,åî,can
536,ó¸,chan
537,åñ,chan
538,ïâ,chan
539,âã,chan
540,äı,chan
541,ìø,chan
542,æö,chan
543,õğ,chan
544,å¤,chan
545,³¤,chang
546,³ª,chang
547,³£,chang
548,³¡,chang
549,³§,chang
550,³§,an
551,³¢,chang
552,³¦,chang
553,³©,chang
554,²ı,chang
555,³¨,chang
556,³«,chang
557,³¥,chang
558,²ş,chang
559,ÉÑ,chang
560,öğ,chang
561,ë©,chang
562,İÅ,chang
563,ã®,chang
564,æÏ,chang
565,áä,chang
566,ÛË,chang
567,ãÑ,chang
568,âê,chang
569,Øö,chang
570,êÆ,chang
571,ÜÉ,chang
572,æ½,chang
573,³¯,chao
574,³­,chao
575,³¬,chao
576,³³,chao
577,³±,chao
578,³²,chao
579,³´,chao
580,³°,chao
581,½Ë,chao
582,´Â,chao
583,³®,chao
584,â÷,chao
585,ìÌ,chao
586,ñé,chao
587,êË,chao
588,³µ,che
589,³·,che
590,³¶,che
591,³¸,che
592,³¹,che
593,³ß,che
594,³º,che
595,Ûå,che
596,íº,che
597,³Ã,chen
598,³Æ,chen
599,³½,chen
600,³¼,chen
601,³¾,chen
602,³¿,chen
603,³Á,chen
604,³Â,chen
605,³Ä,chen
606,³È,chen
607,³À,chen
608,³»,chen
609,é´,chen
610,ŞÓ,chen
611,ÚÈ,chen
612,í×,chen
613,Úß,chen
614,å·,chen
615,ö³,chen
616,àÁ,chen
617,Ø÷,chen
618,Ø÷,cang
619,è¡,chen
620,³É,cheng
621,³Ë,cheng
622,Ê¢,cheng
623,³Å,cheng
624,³Æ,cheng
625,³Æ,chen
626,³Ç,cheng
627,³Ì,cheng
628,³Ê,cheng
629,³Ï,cheng
630,³Ó,cheng
631,³Í,cheng
632,³Ñ,cheng
633,³Ò,cheng
634,³Î,cheng
635,³È,cheng
636,³È,chen
637,³Ğ,cheng
638,ëó,cheng
639,èß,cheng
640,Ûô,cheng
641,îñ,cheng
642,àá,cheng
643,àá,ceng
644,îõ,cheng
645,õ¨,cheng
646,êÉ,cheng
647,ñÎ,cheng
648,èÇ,cheng
649,òÉ,cheng
650,Ø©,cheng
651,îª,cheng
652,³Ô,chi
653,³ß,chi
654,³ß,che
655,³Ù,chi
656,³Ø,chi
657,³á,chi
658,³Õ,chi
659,³à,chi
660,³İ,chi
661,³Ü,chi
662,³Ö,chi
663,³â,chi
664,³Ş,chi
665,³Ú,chi
666,³Û,chi
667,³ã,chi
668,³×,chi
669,õØ,chi
670,Ûæ,chi
671,Üİ,chi
672,Ü¯,chi
673,âÁ,chi
674,æÊ,chi
675,ôù,chi
676,ñİ,chi
677,ë·,chi
678,ßê,chi
679,ñ¡,chi
680,ò¿,chi
681,à´,chi
682,ğ·,chi
683,í÷,chi
684,ó¤,chi
685,óø,chi
686,÷Î,chi
687,ß³,chi
688,áÜ,chi
689,ó×,chi
690,àÍ,chi
691,ÙÑ,chi
692,³å,chong
693,ÖØ,chong
694,³æ,chong
695,³ä,chong
696,³è,chong
697,³ç,chong
698,Ó¿,chong
699,ÖÖ,chong
700,ô¾,chong
701,âç,chong
702,ô©,chong
703,ï¥,chong
704,ã¿,chong
705,Üû,chong
706,³é,chou
707,³î,chou
708,³ô,chou
709,³ğ,chou
710,³ó,chou
711,³í,chou
712,³ñ,chou
713,³ê,chou
714,³ï,chou
715,³ì,chou
716,³ë,chou
717,³ò,chou
718,ã°,chou
719,Ù±,chou
720,àü,chou
721,ñ¬,chou
722,öÅ,chou
723,³ö,chu
724,´¦,chu
725,³õ,chu
726,³ú,chu
727,³ı,chu
728,´¥,chu
729,³÷,chu
730,³ş,chu
731,´¡,chu
732,´¢,chu
733,Ğó,chu
734,³ü,chu
735,´£,chu
736,´¤,chu
737,³ù,chu
738,³ø,chu
739,³û,chu
740,èú,chu
741,èÆ,chu
742,Û»,chu
743,âğ,chu
744,ç©,chu
745,Ø¡,chu
746,ãÀ,chu
747,õé,chu
748,÷í,chu
749,òÜ,chu
750,éË,chu
751,´§,chuai
752,ëú,chuai
753,à¨,chuai
754,àÜ,chuai
755,Şõ,chuai
756,õß,chuai
757,´©,chuan
758,´¬,chuan
759,´«,chuan
760,´®,chuan
761,´¨,chuan
762,´­,chuan
763,´ª,chuan
764,ë°,chuan
765,å×,chuan
766,îË,chuan
767,ô­,chuan
768,â¶,chuan
769,çİ,chuan
770,´°,chuang
771,´²,chuang
772,´³,chuang
773,´´,chuang
774,´¯,chuang
775,´±,chuang
776,âë,chuang
777,´µ,chui
778,´¹,chui
779,´¶,chui
780,´¸,chui
781,´·,chui
782,×µ,chui
783,é³,chui
784,é¢,chui
785,Úï,chui
786,´º,chun
787,´½,chun
788,´¿,chun
789,´À,chun
790,´¼,chun
791,´¾,chun
792,´»,chun
793,òí,chun
794,İ»,chun
795,ğÈ,chun
796,´Á,chuo
797,´Â,chuo
798,´Â,chao
799,õÖ,chuo
800,à¨,chuo
801,à¨,chuai
802,öº,chuo
803,ê¡,chuo
804,´Î,ci
805,´Ë,ci
806,´Ê,ci
807,´É,ci
808,´È,ci
809,´Æ,ci
810,´Å,ci
811,´Ç,ci
812,´Ì,ci
813,´Ä,ci
814,ËÅ,ci
815,´Ã,ci
816,´Í,ci
817,²î,ci
818,²î,cha
819,×È,ci
820,ßÚ,ci
821,ğË,ci
822,ìô,ci
823,ôÙ,ci
824,´Ó,cong
825,´Ô,cong
826,´Ğ,cong
827,´Ò,cong
828,´Ï,cong
829,´Ñ,cong
830,çı,cong
831,èÈ,cong
832,äÈ,cong
833,è®,cong
834,æõ,cong
835,ÜÊ,cong
836,´Õ,cou
837,é¨,cou
838,ê£,cou
839,ëí,cou
840,´Ö,cu
841,´×,cu
842,´Ø,cu
843,´Ù,cu
844,×ä,cu
845,áŞ,cu
846,â§,cu
847,İı,cu
848,õ¾,cu
849,õ¡,cu
850,éã,cu
851,õí,cu
852,´Ü,cuan
853,´Ú,cuan
854,´Û,cuan
855,ÔÜ,cuan
856,Ùà,cuan
857,ìà,cuan
858,ïé,cuan
859,ß¥,cuan
860,´ß,cui
861,´à,cui
862,´İ,cui
863,´ä,cui
864,´Ş,cui
865,´ã,cui
866,Ë¥,cui
867,´á,cui
868,´â,cui
869,è­,cui
870,ßı,cui
871,ã²,cui
872,İÍ,cui
873,ë¥,cui
874,éÁ,cui
875,´å,cun
876,´ç,cun
877,´æ,cun
878,¶×,cun
879,ââ,cun
880,ñå,cun
881,´í,cuo
882,´é,cuo
883,´ê,cuo
884,´ì,cuo
885,´ë,cuo
886,´è,cuo
887,áÏ,cuo
888,ØÈ,cuo
889,õº,cuo
890,ëâ,cuo
891,ğî,cuo
892,õã,cuo
893,ğû,cuo
894,ğû,chai
895,ï±,cuo
896,ïó,cuo
897,´ó,da
898,´ğ,da
899,´ï,da
900,´ò,da
901,´î,da
902,´ñ,da
903,Ëş,da
904,óÎ,da
905,ŞÇ,da
906,ßÕ,da
907,ñ×,da
908,ğã,da
909,âò,da
910,÷°,da
911,æ§,da
912,í³,da
913,àª,da
914,÷²,da
915,´ø,dai
916,´ú,dai
917,´ô,dai
918,´ô,ai
919,´÷,dai
920,´ı,dai
921,´ü,dai
922,´ş,dai
923,´õ,dai
924,´û,dai
925,µ¡,dai
926,´ö,dai
927,´ó,dai
928,´ó,da
929,´ù,dai
930,ß¾,dai
931,çé,dai
932,åÊ,dai
933,á·,dai
934,ß°,dai
935,÷ì,dai
936,ææ,dai
937,çª,dai
938,Ü¤,dai
939,µ«,dan
940,µ¥,dan
941,µ¥,chan
942,µ°,dan
943,µ£,dan
944,µ¯,dan
945,µ§,dan
946,µ¨,dan
947,µ­,dan
948,µ¤,dan
949,µ¢,dan
950,µ©,dan
951,µª,dan
952,µ®,dan
953,µ¦,dan
954,µ¬,dan
955,Ê¯,dan
956,ğã,dan
957,ğã,da
958,å£,dan
959,ğ÷,dan
960,İÌ,dan
961,éé,dan
962,íñ,dan
963,ñõ,dan
964,óì,dan
965,êæ,dan
966,ÙÙ,dan
967,à¢,dan
968,µ±,dang
969,µ³,dang
970,µ²,dang
971,µµ,dang
972,µ´,dang
973,ÚÔ,dang
974,îõ,dang
975,îõ,cheng
976,å´,dang
977,İĞ,dang
978,ÛÊ,dang
979,ñÉ,dang
980,í¸,dang
981,µ½,dao
982,µÀ,dao
983,µ¹,dao
984,µ¶,dao
985,µº,dao
986,µÁ,dao
987,µ¾,dao
988,µ·,dao
989,µ¿,dao
990,µ¼,dao
991,µ¸,dao
992,µ»,dao
993,àü,dao
994,àü,chou
995,ôî,dao
996,âá,dao
997,ìâ,dao
998,ë®,dao
999,ß¶,dao
1000,µÄ,de
1001,µØ,de
1002,µÃ,de
1003,µÂ,de
1004,µ×,de
1005,ï½,de
1006,µÃ,dei
1007,µÃ,de
1008,µÈ,deng
1009,µÆ,deng
1010,µË,deng
1011,µÇ,deng
1012,³Î,deng
1013,³Î,cheng
1014,µÉ,deng
1015,µÊ,deng
1016,µÅ,deng
1017,íã,deng
1018,ïë,deng
1019,àâ,deng
1020,áØ,deng
1021,ê­,deng
1022,ô£,deng
1023,µØ,di
1024,µØ,de
1025,µÚ,di
1026,µ×,di
1027,µ×,de
1028,µÍ,di
1029,µĞ,di
1030,µÖ,di
1031,µÎ,di
1032,µÛ,di
1033,µİ,di
1034,µÕ,di
1035,µÜ,di
1036,µŞ,di
1037,µÌ,di
1038,µÄ,di
1039,µÄ,de
1040,µÓ,di
1041,Ìá,di
1042,µÑ,di
1043,µÏ,di
1044,µÒ,di
1045,µÔ,di
1046,µÙ,di
1047,êë,di
1048,Û¡,di
1049,ÚĞ,di
1050,Ú®,di
1051,àÖ,di
1052,èÜ,di
1053,÷¾,di
1054,ôÆ,di
1055,Øµ,di
1056,é¦,di
1057,íû,di
1058,æ·,di
1059,İ¶,di
1060,íÚ,di
1061,ïá,di
1062,Ûæ,di
1063,Ûæ,chi
1064,Ùá,di
1065,íÆ,di
1066,àÇ,dia
1067,µã,dian
1068,µç,dian
1069,µê,dian
1070,µî,dian
1071,µí,dian
1072,µà,dian
1073,µß,dian
1074,µæ,dian
1075,µâ,dian
1076,µë,dian
1077,µì,dian
1078,µä,dian
1079,µè,dian
1080,µå,dian
1081,µá,dian
1082,µé,dian
1083,õÚ,dian
1084,îä,dian
1085,Ûã,dian
1086,Úç,dian
1087,ñ²,dian
1088,ô¡,dian
1089,çè,dian
1090,áÛ,dian
1091,ñ°,dian
1092,µô,diao
1093,µö,diao
1094,µğ,diao
1095,µõ,diao
1096,µñ,diao
1097,µ÷,diao
1098,µó,diao
1099,µï,diao
1100,µò,diao
1101,Äñ,diao
1102,îö,diao
1103,ï¢,diao
1104,öô,diao
1105,õõ,diao
1106,µù,die
1107,µø,die
1108,µş,die
1109,µú,die
1110,µû,die
1111,µü,die
1112,µı,die
1113,ëº,die
1114,Ü¦,die
1115,ğ¬,die
1116,Şé,die
1117,õŞ,die
1118,ñó,die
1119,öø,die
1120,Ûì,die
1121,à©,die
1122,¶¥,ding
1123,¶¨,ding
1124,¶¢,ding
1125,¶©,ding
1126,¶£,ding
1127,¶¡,ding
1128,¶¤,ding
1129,¶¦,ding
1130,¶§,ding
1131,î®,ding
1132,çà,ding
1133,îú,ding
1134,ëë,ding
1135,íÖ,ding
1136,ğÛ,ding
1137,Øê,ding
1138,ñô,ding
1139,ôú,ding
1140,à¤,ding
1141,¶ª,diu
1142,îû,diu
1143,¶¯,dong
1144,¶«,dong
1145,¶®,dong
1146,¶´,dong
1147,¶³,dong
1148,¶¬,dong
1149,¶­,dong
1150,¶°,dong
1151,¶±,dong
1152,¶²,dong
1153,á¼,dong
1154,ğ´,dong
1155,Ûí,dong
1156,ëË,dong
1157,ëØ,dong
1158,íÏ,dong
1159,ë±,dong
1160,á´,dong
1161,ßË,dong
1162,¶¼,dou
1163,¶·,dou
1164,¶¹,dou
1165,¶º,dou
1166,¶¸,dou
1167,¶¶,dou
1168,¶»,dou
1169,¶µ,dou
1170,¶Á,dou
1171,ò½,dou
1172,ñ¼,dou
1173,óû,dou
1174,İú,dou
1175,¶Á,du
1176,¶Á,dou
1177,¶È,du
1178,¶¾,du
1179,¶É,du
1180,¶Â,du
1181,¶À,du
1182,¶Ç,du
1183,¶Æ,du
1184,¶Ä,du
1185,¶Ã,du
1186,¶Å,du
1187,¶½,du
1188,¶¼,du
1189,¶¼,dou
1190,¶¿,du
1191,¶Ê,du
1192,¶Ù,du
1193,ó¼,du
1194,óÆ,du
1195,à½,du
1196,äÂ,du
1197,èü,du
1198,ë¹,du
1199,÷ò,du
1200,÷Ç,du
1201,Ü¶,du
1202,¶Î,duan
1203,¶Ì,duan
1204,¶Ï,duan
1205,¶Ë,duan
1206,¶Í,duan
1207,¶Ğ,duan
1208,é²,duan
1209,ìÑ,duan
1210,óı,duan
1211,¶Ô,dui
1212,¶Ó,dui
1213,¶Ñ,dui
1214,¶Ò,dui
1215,¶Ø,dui
1216,ïæ,dui
1217,íÔ,dui
1218,í¡,dui
1219,í­,dui
1220,¶Ö,dun
1221,¶Ù,dun
1222,¶Ù,du
1223,¶×,dun
1224,¶×,cun
1225,¶Õ,dun
1226,¶Ø,dun
1227,¶Ø,dui
1228,¶Û,dun
1229,¶Ü,dun
1230,¶Ú,dun
1231,¶İ,dun
1232,²»,dun
1233,²»,bu
1234,õ»,dun
1235,ãç,dun
1236,íï,dun
1237,ïæ,dun
1238,ïæ,dui
1239,íâ,dun
1240,ìÀ,dun
1241,í»,dun
1242,¶à,duo
1243,¶ä,duo
1244,¶á,duo
1245,¶æ,duo
1246,¶ç,duo
1247,¶â,duo
1248,¶å,duo
1249,¶è,duo
1250,¶é,duo
1251,¶Ş,duo
1252,¶ß,duo
1253,ÍÔ,duo
1254,¶È,duo
1255,¶È,du
1256,¶ã,duo
1257,õâ,duo
1258,ãõ,duo
1259,ßÍ,duo
1260,îì,duo
1261,ñÖ,duo
1262,ßá,duo
1263,ç¶,duo
1264,¶ö,e
1265,Å¶,e
1266,¶î,e
1267,¶ì,e
1268,¶ê,e
1269,¶ó,e
1270,¶í,e
1271,¶ï,e
1272,°¢,e
1273,°¢,a
1274,¶ô,e
1275,¶ë,e
1276,¶ğ,e
1277,¶ñ,e
1278,¶ò,e
1279,¶õ,e
1280,ï°,e
1281,ÚÌ,e
1282,ÛÑ,e
1283,ïÉ,e
1284,ãÕ,e
1285,İà,e
1286,ÜÃ,e
1287,éî,e
1288,æ¹,e
1289,İ­,e
1290,öù,e
1291,ò¦,e
1292,ëñ,e
1293,ãµ,e
1294,ßÀ,e
1295,Ø¬,e
1296,ğÊ,e
1297,åí,e
1298,ÚÀ,ei
1299,¶÷,en
1300,Şô,en
1301,İì,en
1302,¶ø,er
1303,¶ş,er
1304,¶ú,er
1305,¶ù,er
1306,¶ü,er
1307,¶û,er
1308,·¡,er
1309,¶ı,er
1310,çí,er
1311,öÜ,er
1312,ğ¹,er
1313,Ù¦,er
1314,åÇ,er
1315,îï,er
1316,·¢,fa
1317,·¨,fa
1318,·£,fa
1319,·¥,fa
1320,·¦,fa
1321,·¤,fa
1322,·§,fa
1323,·©,fa
1324,ÛÒ,fa
1325,íÀ,fa
1326,·´,fan
1327,·¹,fan
1328,·­,fan
1329,·¬,fan
1330,·¸,fan
1331,·²,fan
1332,·«,fan
1333,·µ,fan
1334,·º,fan
1335,·±,fan
1336,·³,fan
1337,··,fan
1338,·¶,fan
1339,·®,fan
1340,·ª,fan
1341,·¯,fan
1342,·°,fan
1343,ìÜ,fan
1344,ŞÀ,fan
1345,î²,fan
1346,Ş¬,fan
1347,Ş¬,bo
1348,õì,fan
1349,èó,fan
1350,á¦,fan
1351,·Å,fang
1352,·¿,fang
1353,·À,fang
1354,·Ä,fang
1355,·¼,fang
1356,·½,fang
1357,·Ã,fang
1358,·Â,fang
1359,·»,fang
1360,·Á,fang
1361,·¾,fang
1362,îÕ,fang
1363,áİ,fang
1364,Úú,fang
1365,èÊ,fang
1366,ô³,fang
1367,öĞ,fang
1368,·Ç,fei
1369,·É,fei
1370,·Ê,fei
1371,·Ñ,fei
1372,·Î,fei
1373,·Ï,fei
1374,·Ë,fei
1375,·Í,fei
1376,·Ğ,fei
1377,·Æ,fei
1378,·Ì,fei
1379,·È,fei
1380,óõ,fei
1381,òã,fei
1382,ëè,fei
1383,ìé,fei
1384,åú,fei
1385,ì³,fei
1386,áô,fei
1387,ÜÀ,fei
1388,ã­,fei
1389,ïĞ,fei
1390,ö­,fei
1391,ôä,fei
1392,é¼,fei
1393,äÇ,fei
1394,öî,fei
1395,ç³,fei
1396,ğò,fei
1397,·Ö,fen
1398,·İ,fen
1399,·Ò,fen
1400,·Û,fen
1401,·Ø,fen
1402,·Ü,fen
1403,·ß,fen
1404,·×,fen
1405,·Ş,fen
1406,·à,fen
1407,·Ó,fen
1408,·Ù,fen
1409,·Ô,fen
1410,·Õ,fen
1411,·Ú,fen
1412,èû,fen
1413,å¯,fen
1414,ö÷,fen
1415,çã,fen
1416,çã,bin
1417,ÙÇ,fen
1418,÷÷,fen
1419,·ç,feng
1420,·â,feng
1421,·ê,feng
1422,·ì,feng
1423,·ä,feng
1424,·á,feng
1425,·ã,feng
1426,·è,feng
1427,·ë,feng
1428,·î,feng
1429,·í,feng
1430,·ï,feng
1431,·å,feng
1432,·æ,feng
1433,·é,feng
1434,í¿,feng
1435,Ùº,feng
1436,Ûº,feng
1437,İ×,feng
1438,ãã,feng
1439,ßô,feng
1440,·ğ,fo
1441,·ñ,fou
1442,ó¾,fou
1443,¸±,fu
1444,·ù,fu
1445,·ö,fu
1446,¸¡,fu
1447,¸»,fu
1448,¸£,fu
1449,¸º,fu
1450,·ü,fu
1451,¸¶,fu
1452,¸´,fu
1453,·ş,fu
1454,¸½,fu
1455,¸©,fu
1456,¸«,fu
1457,¸°,fu
1458,¸¿,fu
1459,·÷,fu
1460,·ò,fu
1461,¸¸,fu
1462,·û,fu
1463,·õ,fu
1464,·ó,fu
1465,¸³,fu
1466,¸¨,fu
1467,¸®,fu
1468,¸¯,fu
1469,¸¹,fu
1470,¸¾,fu
1471,¸§,fu
1472,¸²,fu
1473,·ø,fu
1474,·ô,fu
1475,·ú,fu
1476,·ğ,fu
1477,·ğ,fo
1478,·ı,fu
1479,¸µ,fu
1480,¸¼,fu
1481,¸¥,fu
1482,¸¢,fu
1483,¸¤,fu
1484,ÊĞ,fu
1485,¸¦,fu
1486,¸ª,fu
1487,¸¬,fu
1488,¸­,fu
1489,¸·,fu
1490,¸À,fu
1491,íë,fu
1492,íÉ,fu
1493,ÜŞ,fu
1494,õÃ,fu
1495,õÆ,fu
1496,ò¶,fu
1497,ÜÀ,fu
1498,ÜÀ,fei
1499,öÖ,fu
1500,á¥,fu
1501,Üò,fu
1502,äæ,fu
1503,òİ,fu
1504,ŞÔ,fu
1505,İÊ,fu
1506,òğ,fu
1507,öû,fu
1508,òó,fu
1509,ç¦,fu
1510,ç¨,fu
1511,êç,fu
1512,î·,fu
1513,ïû,fu
1514,Ùë,fu
1515,ôï,fu
1516,Ùì,fu
1517,èõ,fu
1518,İ³,fu
1519,æÚ,fu
1520,ğ¥,fu
1521,æâ,fu
1522,âö,fu
1523,ìğ,fu
1524,ß»,fu
1525,Û®,fu
1526,Ü½,fu
1527,åõ,fu
1528,íê,fu
1529,¸Á,ga
1530,¸ì,ga
1531,¼Ğ,ga
1532,¸Â,ga
1533,¿§,ga
1534,Ôş,ga
1535,îÅ,ga
1536,Ù¤,ga
1537,ê¸,ga
1538,ŞÎ,ga
1539,æØ,ga
1540,æÙ,ga
1541,ßÈ,ga
1542,¸Ã,gai
1543,¸Ä,gai
1544,¸Ç,gai
1545,¸Å,gai
1546,¸Æ,gai
1547,½æ,gai
1548,¸È,gai
1549,ê®,gai
1550,Ûò,gai
1551,Ø¤,gai
1552,Úë,gai
1553,êà,gai
1554,¸Ï,gan
1555,¸É,gan
1556,¸Ğ,gan
1557,¸Ò,gan
1558,¸Í,gan
1559,¸Ê,gan
1560,¸Î,gan
1561,¸Ì,gan
1562,¸Ë,gan
1563,¸Ó,gan
1564,¸Ñ,gan
1565,êº,gan
1566,ôû,gan
1567,í·,gan
1568,ğá,gan
1569,ãï,gan
1570,ÜÕ,gan
1571,ß¦,gan
1572,ç¤,gan
1573,éÏ,gan
1574,ä÷,gan
1575,äÆ,gan
1576,ŞÏ,gan
1577,Ûá,gan
1578,¸Õ,gang
1579,¸Ö,gang
1580,¸Ù,gang
1581,¸Û,gang
1582,¸×,gang
1583,¸Ú,gang
1584,¸Ü,gang
1585,¸Ô,gang
1586,¸Ø,gang
1587,¿¸,gang
1588,óà,gang
1589,î¸,gang
1590,í°,gang
1591,¸ß,gao
1592,¸ã,gao
1593,¸æ,gao
1594,¸å,gao
1595,¸à,gao
1596,¸İ,gao
1597,¸á,gao
1598,¸â,gao
1599,¸ä,gao
1600,¸Ş,gao
1601,Û¬,gao
1602,Ú¾,gao
1603,ê½,gao
1604,çÉ,gao
1605,Øº,gao
1606,éÀ,gao
1607,ï¯,gao
1608,éÂ,gao
1609,Ş»,gao
1610,¸ö,ge
1611,¸÷,ge
1612,¸è,ge
1613,¸î,ge
1614,¸ç,ge
1615,¸é,ge
1616,¸ñ,ge
1617,¸ó,ge
1618,¸ô,ge
1619,¸ï,ge
1620,¿©,ge
1621,¸ì,ge
1622,¸ì,ga
1623,¸ğ,ge
1624,¸ò,ge
1625,¸ê,ge
1626,¸ë,ge
1627,¸í,ge
1628,¸Ç,ge
1629,¸Ç,gai
1630,ÒÙ,ge
1631,ºÏ,ge
1632,¸õ,ge
1633,íÑ,ge
1634,÷À,ge
1635,ò¢,ge
1636,ñË,ge
1637,Üª,ge
1638,ò´,ge
1639,ÛÙ,ge
1640,ïÓ,ge
1641,Øî,ge
1642,ô´,ge
1643,Øª,ge
1644,àÃ,ge
1645,ëõ,ge
1646,ë¡,ge
1647,æü,ge
1648,ÛÁ,ge
1649,¸ø,gei
1650,¸ú,gen
1651,¸ù,gen
1652,ßç,gen
1653,İ¢,gen
1654,Ø¨,gen
1655,ôŞ,gen
1656,¸ü,geng
1657,¸û,geng
1658,¾±,geng
1659,¹£,geng
1660,¹¢,geng
1661,¸ı,geng
1662,¸ş,geng
1663,¹¡,geng
1664,âÙ,geng
1665,öá,geng
1666,ßì,geng
1667,ç®,geng
1668,¹¤,gong
1669,¹«,gong
1670,¹¦,gong
1671,¹²,gong
1672,¹­,gong
1673,¹¥,gong
1674,¹¬,gong
1675,¹©,gong
1676,¹§,gong
1677,¹°,gong
1678,¹±,gong
1679,¹ª,gong
1680,¹®,gong
1681,¹¯,gong
1682,¹¨,gong
1683,ºì,gong
1684,ëÅ,gong
1685,ö¡,gong
1686,çî,gong
1687,ò¼,gong
1688,¹»,gou
1689,¹µ,gou
1690,¹·,gou
1691,¹³,gou
1692,¹´,gou
1693,¹º,gou
1694,¹¹,gou
1695,¹¶,gou
1696,¹¸,gou
1697,¾ä,gou
1698,á¸,gou
1699,ì°,gou
1700,èÛ,gou
1701,÷¸,gou
1702,êí,gou
1703,çÃ,gou
1704,óÑ,gou
1705,Ú¸,gou
1706,åÜ,gou
1707,æÅ,gou
1708,óô,gou
1709,Øş,gou
1710,¹Å,gu
1711,¹É,gu
1712,¹Ä,gu
1713,¹È,gu
1714,¹Ê,gu
1715,¹Â,gu
1716,¹¿,gu
1717,¹Ã,gu
1718,¹Ë,gu
1719,¹Ì,gu
1720,¹Í,gu
1721,¹À,gu
1722,¹¾,gu
1723,¹Ç,gu
1724,¹¼,gu
1725,¹Á,gu
1726,¹Æ,gu
1727,¼Ö,gu
1728,¹½,gu
1729,èô,gu
1730,ğ³,gu
1731,ãé,gu
1732,éï,gu
1733,áÄ,gu
1734,İÔ,gu
1735,ğÀ,gu
1736,÷½,gu
1737,îÜ,gu
1738,ëû,gu
1739,ôş,gu
1740,ßÉ,gu
1741,öñ,gu
1742,Ú¬,gu
1743,êô,gu
1744,î­,gu
1745,ì±,gu
1746,ïÀ,gu
1747,êö,gu
1748,ğó,gu
1749,õı,gu
1750,òÁ,gu
1751,î¹,gu
1752,ØÅ,gu
1753,¹Ò,gua
1754,¹Î,gua
1755,¹Ï,gua
1756,¹Ñ,gua
1757,¹Ğ,gua
1758,¹Ó,gua
1759,ØÔ,gua
1760,ßÉ,gua
1761,ßÉ,gu
1762,ëÒ,gua
1763,ğ»,gua
1764,èé,gua
1765,Ú´,gua
1766,¹Ö,guai
1767,¹Õ,guai
1768,¹Ô,guai
1769,Şâ,guai
1770,¹Ø,guan
1771,¹Ü,guan
1772,¹Ù,guan
1773,¹Û,guan
1774,¹İ,guan
1775,¹ß,guan
1776,¹Ş,guan
1777,¹à,guan
1778,¹Ú,guan
1779,¹á,guan
1780,¹×,guan
1781,ÂÚ,guan
1782,îÂ,guan
1783,ñæ,guan
1784,İ¸,guan
1785,Şè,guan
1786,äÊ,guan
1787,÷¤,guan
1788,ğÙ,guan
1789,ÙÄ,guan
1790,¹â,guang
1791,¹ã,guang
1792,¹ã,an
1793,¹ä,guang
1794,èæ,guang
1795,áî,guang
1796,ßÛ,guang
1797,ë×,guang
1798,¹é,gui
1799,¹ó,gui
1800,¹í,gui
1801,¹ò,gui
1802,¹ì,gui
1803,¹æ,gui
1804,¹è,gui
1805,¹ğ,gui
1806,¹ñ,gui
1807,¹ê,gui
1808,¹î,gui
1809,¹ë,gui
1810,¹å,gui
1811,¹ç,gui
1812,¹ô,gui
1813,¿ş,gui
1814,¹ï,gui
1815,È²,gui
1816,âÑ,gui
1817,å³,gui
1818,èí,gui
1819,ØÛ,gui
1820,÷¬,gui
1821,öÙ,gui
1822,ğ§,gui
1823,ØĞ,gui
1824,æ£,gui
1825,êĞ,gui
1826,óş,gui
1827,êÁ,gui
1828,¹ö,gun
1829,¹÷,gun
1830,¹õ,gun
1831,öç,gun
1832,Ùò,gun
1833,íŞ,gun
1834,çµ,gun
1835,¹ı,guo
1836,¹ú,guo
1837,¹û,guo
1838,¹ü,guo
1839,¹ø,guo
1840,¹ù,guo
1841,ÎĞ,guo
1842,Ûö,guo
1843,é¤,guo
1844,ñø,guo
1845,Ùå,guo
1846,â£,guo
1847,áÆ,guo
1848,Şâ,guo
1849,Şâ,guai
1850,àş,guo
1851,ßÃ,guo
1852,ë½,guo
1853,òä,guo
1854,òå,guo
1855,¹ş,ha
1856,¸ò,ha
1857,¸ò,ge
1858,Ïº,ha
1859,îş,ha
1860,»¹,hai
1861,º£,hai
1862,º¦,hai
1863,¿È,hai
1864,º¤,hai
1865,º¢,hai
1866,º§,hai
1867,¿È,hai
1868,º¡,hai
1869,º¥,hai
1870,àË,hai
1871,õ°,hai
1872,ëÜ,hai
1873,º°,han
1874,º¬,han
1875,º¹,han
1876,º®,han
1877,ºº,han
1878,ºµ,han
1879,º¨,han
1880,º«,han
1881,º¸,han
1882,º­,han
1883,º¯,han
1884,º©,han
1885,º²,han
1886,º±,han
1887,º³,han
1888,º´,han
1889,º¶,han
1890,º·,han
1891,ºª,han
1892,Úõ,han
1893,İÕ,han
1894,Şş,han
1895,å«,han
1896,ãÛ,han
1897,ñü,han
1898,òÀ,han
1899,ìÊ,han
1900,ò¥,han
1901,êÏ,han
1902,÷ı,han
1903,ĞĞ,hang
1904,Ïï,hang
1905,º½,hang
1906,º»,hang
1907,º»,ben
1908,º¼,hang
1909,¿Ô,hang
1910,ñş,hang
1911,ãì,hang
1912,ç¬,hang
1913,çñ,hang
1914,ºÃ,hao
1915,ºÅ,hao
1916,ºÆ,hao
1917,º¿,hao
1918,º¾,hao
1919,ºÂ,hao
1920,ºÁ,hao
1921,ºÀ,hao
1922,ºÄ,hao
1923,ºÑ,hao
1924,¸ä,hao
1925,¸ä,gao
1926,ê»,hao
1927,ò«,hao
1928,å°,hao
1929,àã,hao
1930,òº,hao
1931,àÆ,hao
1932,ğ©,hao
1933,İï,hao
1934,å©,hao
1935,Ş¶,hao
1936,ºÍ,he
1937,ºÈ,he
1938,ºÏ,he
1939,ºÏ,ge
1940,ºÓ,he
1941,ºÌ,he
1942,ºË,he
1943,ºÎ,he
1944,ºÇ,he
1945,ºÇ,a
1946,ºÉ,he
1947,ºØ,he
1948,ºÕ,he
1949,ºÖ,he
1950,ºĞ,he
1951,º×,he
1952,ºÊ,he
1953,ºÑ,he
1954,ºÑ,hao
1955,ºÒ,he
1956,ºÔ,he
1957,ÏÅ,he
1958,àÀ,he
1959,ÛÀ,he
1960,îÁ,he
1961,ôç,he
1962,ãØ,he
1963,ò¢,he
1964,ò¢,ge
1965,ÛÖ,he
1966,Ú­,he
1967,æü,he
1968,æü,ge
1969,êÂ,he
1970,ºÚ,hei
1971,ºÙ,hei
1972,ºÜ,hen
1973,ºİ,hen
1974,ºŞ,hen
1975,ºÛ,hen
1976,ºá,heng
1977,ºã,heng
1978,ºß,heng
1979,ºâ,heng
1980,ºà,heng
1981,ĞĞ,heng
1982,ĞĞ,hang
1983,èì,heng
1984,çñ,heng
1985,çñ,hang
1986,Ş¿,heng
1987,ºì,hong
1988,ºì,gong
1989,ºä,hong
1990,ºå,hong
1991,ºç,hong
1992,ºé,hong
1993,ºê,hong
1994,ºæ,hong
1995,ºè,hong
1996,ºë,hong
1997,Ú§,hong
1998,Ùê,hong
1999,Ş®,hong
2000,ãÈ,hong
2001,Ş°,hong
2002,Ùä,hong
2003,İ¦,hong
2004,ãü,hong
2005,ºó,hou
2006,ºñ,hou
2007,ºğ,hou
2008,ºí,hou
2009,ºî,hou
2010,ºò,hou
2011,ºï,hou
2012,ö×,hou
2013,óó,hou
2014,Ü©,hou
2015,áá,hou
2016,åË,hou
2017,ô×,hou
2018,÷¿,hou
2019,ğú,hou
2020,ºş,hu
2021,»§,hu
2022,ºô,hu
2023,»¢,hu
2024,ºø,hu
2025,»¥,hu
2026,ºú,hu
2027,»¤,hu
2028,ºı,hu
2029,»¡,hu
2030,ºö,hu
2031,ºü,hu
2032,ºû,hu
2033,ºù,hu
2034,»¦,hu
2035,ºõ,hu
2036,Ï·,hu
2037,ºË,hu
2038,ºË,he
2039,ºÍ,hu
2040,ºÍ,he
2041,º÷,hu
2042,»£,hu
2043,ğÉ,hu
2044,Ùü,hu
2045,âï,hu
2046,ğ×,hu
2047,óË,hu
2048,ìæ,hu
2049,ìè,hu
2050,÷½,hu
2051,÷½,gu
2052,ä°,hu
2053,ìï,hu
2054,õ­,hu
2055,çú,hu
2056,àñ,hu
2057,ìÃ,hu
2058,éõ,hu
2059,ğ­,hu
2060,ìÎ,hu
2061,õú,hu
2062,ğÀ,hu
2063,ğÀ,gu
2064,â©,hu
2065,ã±,hu
2066,á²,hu
2067,äï,hu
2068,ì²,hu
2069,ßü,hu
2070,éÎ,hu
2071,»°,hua
2072,»¨,hua
2073,»¯,hua
2074,»­,hua
2075,»ª,hua
2076,»®,hua
2077,»¬,hua
2078,»©,hua
2079,»«,hua
2080,»í,hua
2081,îü,hua
2082,èë,hua
2083,æè,hua
2084,í¹,hua
2085,»µ,huai
2086,»³,huai
2087,»´,huai
2088,»±,huai
2089,»²,huai
2090,»®,huai
2091,»®,hua
2092,õ×,huai
2093,»»,huan
2094,»¹,huan
2095,»¹,hai
2096,»½,huan
2097,»·,huan
2098,»¼,huan
2099,»º,huan
2100,»¶,huan
2101,»Ã,huan
2102,»Â,huan
2103,»Á,huan
2104,»À,huan
2105,»¿,huan
2106,»¸,huan
2107,»¾,huan
2108,äñ,huan
2109,âµ,huan
2110,ß§,huan
2111,åÕ,huan
2112,öé,huan
2113,Û¨,huan
2114,÷ß,huan
2115,å¾,huan
2116,Û¼,huan
2117,ïÌ,huan
2118,à÷,huan
2119,ä¡,huan
2120,İÈ,huan
2121,çÙ,huan
2122,ä½,huan
2123,»Æ,huang
2124,»Å,huang
2125,»Î,huang
2126,»Ä,huang
2127,»É,huang
2128,»Ë,huang
2129,»Ê,huang
2130,»Ñ,huang
2131,»Ì,huang
2132,»È,huang
2133,»Ç,huang
2134,»Ğ,huang
2135,»Í,huang
2136,»Ï,huang
2137,Úò,huang
2138,ëÁ,huang
2139,äê,huang
2140,óò,huang
2141,áå,huang
2142,öü,huang
2143,åØ,huang
2144,ñ¥,huang
2145,äÒ,huang
2146,ó¨,huang
2147,è«,huang
2148,»Ø,hui
2149,»á,hui
2150,»Ò,hui
2151,»æ,hui
2152,»Ó,hui
2153,»ã,hui
2154,»Ô,hui
2155,»Ù,hui
2156,»Ú,hui
2157,»İ,hui
2158,»Ş,hui
2159,»Õ,hui
2160,»Ö,hui
2161,»à,hui
2162,»Û,hui
2163,»ß,hui
2164,»×,hui
2165,»ä,hui
2166,»²,hui
2167,»²,huai
2168,»Ü,hui
2169,»â,hui
2170,»å,hui
2171,åç,hui
2172,ä«,hui
2173,çõ,hui
2174,Ş¥,hui
2175,à¹,hui
2176,í£,hui
2177,ßÜ,hui
2178,êÍ,hui
2179,ãÄ,hui
2180,÷â,hui
2181,Ú¶,hui
2182,ó³,hui
2183,Üî,hui
2184,ä§,hui
2185,ßÔ,hui
2186,ò³,hui
2187,Üö,hui
2188,çÀ,hui
2189,»ì,hun
2190,»è,hun
2191,»ç,hun
2192,»ë,hun
2193,»é,hun
2194,»ê,hun
2195,ãÔ,hun
2196,çõ,hun
2197,çõ,hui
2198,âÆ,hun
2199,äã,hun
2200,Ú»,hun
2201,»ò,huo
2202,»î,huo
2203,»ğ,huo
2204,»ï,huo
2205,»õ,huo
2206,ºÍ,huo
2207,ºÍ,he
2208,»ñ,huo
2209,»ö,huo
2210,»í,huo
2211,»í,hua
2212,»ô,huo
2213,»ó,huo
2214,àë,huo
2215,ïì,huo
2216,ñë,huo
2217,Øå,huo
2218,Ş½,huo
2219,ß«,huo
2220,ïÁ,huo
2221,ó¶,huo
2222,îØ,huo
2223,â·,huo
2224,¼¸,ji
2225,¼°,ji
2226,¼±,ji
2227,¼È,ji
2228,¼´,ji
2229,»ú,ji
2230,¼¦,ji
2231,»ı,ji
2232,¼Ç,ji
2233,¼¶,ji
2234,¼«,ji
2235,¼Æ,ji
2236,¼·,ji
2237,¼º,ji
2238,¼¾,ji
2239,¼Ä,ji
2240,¼Í,ji
2241,Ïµ,ji
2242,»ù,ji
2243,¼¤,ji
2244,¼ª,ji
2245,¼¹,ji
2246,¼Ê,ji
2247,¼³,ji
2248,¼¡,ji
2249,¼µ,ji
2250,¼§,ji
2251,¼¨,ji
2252,¼©,ji
2253,¼¢,ji
2254,¼£,ji
2255,¼¬,ji
2256,¼»,ji
2257,¼¼,ji
2258,¼½,ji
2259,¼­,ji
2260,¼¿,ji
2261,¼À,ji
2262,¼Á,ji
2263,¼Â,ji
2264,¼Ã,ji
2265,¼®,ji
2266,¼Å,ji
2267,ÆÚ,ji
2268,Æä,ji
2269,Ææ,ji
2270,¼É,ji
2271,Æë,ji
2272,¼Ë,ji
2273,¼Ì,ji
2274,¼¯,ji
2275,¸ø,ji
2276,¸ø,gei
2277,¸ï,ji
2278,¸ï,ge
2279,»÷,ji
2280,»ø,ji
2281,»ş,ji
2282,¼¥,ji
2283,»û,ji
2284,»ü,ji
2285,¼²,ji
2286,ÛÔ,ji
2287,ä©,ji
2288,öİ,ji
2289,åì,ji
2290,ì´,ji
2291,êª,ji
2292,öê,ji
2293,ïú,ji
2294,í¶,ji
2295,ğ¢,ji
2296,ê«,ji
2297,ò±,ji
2298,Úµ,ji
2299,óÅ,ji
2300,ôß,ji
2301,óÇ,ji
2302,ØŞ,ji
2303,ß´,ji
2304,İğ,ji
2305,õÒ,ji
2306,áÕ,ji
2307,Şá,ji
2308,õÕ,ji
2309,ö«,ji
2310,ßó,ji
2311,çÜ,ji
2312,Üù,ji
2313,ñ¤,ji
2314,çá,ji
2315,î¿,ji
2316,Ø¢,ji
2317,ÙÊ,ji
2318,Ü¸,ji
2319,Ù¥,ji
2320,êå,ji
2321,é®,ji
2322,÷Ù,ji
2323,ßÒ,ji
2324,Şª,ji
2325,êé,ji
2326,÷ä,ji
2327,æ÷,ji
2328,éê,ji
2329,á§,ji
2330,Ø½,ji
2331,ê÷,ji
2332,ØÀ,ji
2333,ÜÁ,ji
2334,ßâ,ji
2335,¼Ò,jia
2336,¼Ó,jia
2337,¼Ù,jia
2338,¼Û,jia
2339,¼Ü,jia
2340,¼×,jia
2341,¼Ñ,jia
2342,¼Ğ,jia
2343,¼Ğ,ga
2344,¼Î,jia
2345,¼İ,jia
2346,¼Ş,jia
2347,¼Ï,jia
2348,¼Ô,jia
2349,¼Õ,jia
2350,¼Ø,jia
2351,¼Ú,jia
2352,ÇÑ,jia
2353,¼Ö,jia
2354,¼Ö,gu
2355,îò,jia
2356,İç,jia
2357,åÈ,jia
2358,ê©,jia
2359,ä¤,jia
2360,ïØ,jia
2361,ğè,jia
2362,í¢,jia
2363,áµ,jia
2364,õÊ,jia
2365,ØÅ,jia
2366,ØÅ,gu
2367,Ù¤,jia
2368,Ù¤,ga
2369,ëÎ,jia
2370,óÕ,jia
2371,çì,jia
2372,ğı,jia
2373,Û£,jia
2374,ôÂ,jia
2375,òÌ,jia
2376,¼û,jian
2377,¼ş,jian
2378,¼õ,jian
2379,¼â,jian
2380,¼ä,jian
2381,¼ü,jian
2382,¼ú,jian
2383,¼ç,jian
2384,¼æ,jian
2385,½¨,jian
2386,¼ì,jian
2387,¼ı,jian
2388,¼å,jian
2389,¼ò,jian
2390,¼ô,jian
2391,¼ß,jian
2392,¼à,jian
2393,¼á,jian
2394,¼é,jian
2395,½¡,jian
2396,¼è,jian
2397,¼ö,jian
2398,½£,jian
2399,½¥,jian
2400,½¦,jian
2401,½§,jian
2402,¼ø,jian
2403,Ç³,jian
2404,¼ù,jian
2405,¼ñ,jian
2406,¼í,jian
2407,¼ã,jian
2408,¼ó,jian
2409,¼î,jian
2410,¼ï,jian
2411,¼ğ,jian
2412,½¢,jian
2413,¼÷,jian
2414,¼ê,jian
2415,¼ë,jian
2416,½¤,jian
2417,ôå,jian
2418,÷µ,jian
2419,ê§,jian
2420,ÚÉ,jian
2421,êğ,jian
2422,èÅ,jian
2423,ëì,jian
2424,õÂ,jian
2425,çÌ,jian
2426,Şö,jian
2427,ê¯,jian
2428,ë¦,jian
2429,İÑ,jian
2430,öä,jian
2431,óÈ,jian
2432,ÚÙ,jian
2433,é¥,jian
2434,àî,jian
2435,å¿,jian
2436,ñĞ,jian
2437,õİ,jian
2438,íú,jian
2439,åÀ,jian
2440,ğÏ,jian
2441,İó,jian
2442,ÙÔ,jian
2443,ïµ,jian
2444,äÕ,jian
2445,½«,jiang
2446,½²,jiang
2447,½­,jiang
2448,½±,jiang
2449,½µ,jiang
2450,½¬,jiang
2451,½©,jiang
2452,½ª,jiang
2453,½´,jiang
2454,½¯,jiang
2455,½®,jiang
2456,½³,jiang
2457,Ç¿,jiang
2458,½°,jiang
2459,ºç,jiang
2460,ºç,hong
2461,ôø,jiang
2462,íä,jiang
2463,çÖ,jiang
2464,êñ,jiang
2465,ñğ,jiang
2466,ç­,jiang
2467,Üü,jiang
2468,ôİ,jiang
2469,ä®,jiang
2470,½Ğ,jiao
2471,½Å,jiao
2472,½»,jiao
2473,½Ç,jiao
2474,½Ì,jiao
2475,½Ï,jiao
2476,½É,jiao
2477,¾õ,jiao
2478,½¹,jiao
2479,½º,jiao
2480,½¿,jiao
2481,½Ê,jiao
2482,Ğ£,jiao
2483,½Á,jiao
2484,½¾,jiao
2485,½Æ,jiao
2486,½½,jiao
2487,½Ã,jiao
2488,½¼,jiao
2489,½À,jiao
2490,½¶,jiao
2491,½Î,jiao
2492,½Ñ,jiao
2493,½·,jiao
2494,½¸,jiao
2495,½È,jiao
2496,½Â,jiao
2497,½Í,jiao
2498,½Ä,jiao
2499,½Ë,jiao
2500,½Ë,chao
2501,áè,jiao
2502,Ü´,jiao
2503,ÙÕ,jiao
2504,òÔ,jiao
2505,ë¸,jiao
2506,á½,jiao
2507,õÓ,jiao
2508,æ¯,jiao
2509,ğ¨,jiao
2510,Üú,jiao
2511,ğÔ,jiao
2512,àİ,jiao
2513,õ´,jiao
2514,Ù®,jiao
2515,äĞ,jiao
2516,öŞ,jiao
2517,ŞØ,jiao
2518,½Ó,jie
2519,½Ú,jie
2520,½Ö,jie
2521,½è,jie
2522,½Ô,jie
2523,½Ø,jie
2524,½â,jie
2525,½ç,jie
2526,½á,jie
2527,½ì,jie
2528,½ã,jie
2529,½Ò,jie
2530,½ä,jie
2531,½é,jie
2532,½×,jie
2533,½Ù,jie
2534,½æ,jie
2535,½æ,gai
2536,½ß,jie
2537,½à,jie
2538,½ê,jie
2539,½å,jie
2540,¼Û,jie
2541,¼Û,jia
2542,¿¬,jie
2543,½Õ,jie
2544,½Û,jie
2545,½Ü,jie
2546,½İ,jie
2547,½ë,jie
2548,½Ş,jie
2549,¼Ò,jie
2550,¼Ò,jia
2551,ÙÊ,jie
2552,ÙÊ,ji
2553,èî,jie
2554,à®,jie
2555,Ş×,jie
2556,÷º,jie
2557,ôÉ,jie
2558,ò»,jie
2559,àµ,jie
2560,ò¡,jie
2561,öÚ,jie
2562,æ¼,jie
2563,íÙ,jie
2564,Ú¦,jie
2565,æİ,jie
2566,ğÜ,jie
2567,Úµ,jie
2568,Úµ,ji
2569,½ø,jin
2570,½ü,jin
2571,½ñ,jin
2572,½ö,jin
2573,½ô,jin
2574,½ğ,jin
2575,½ï,jin
2576,¾¡,jin
2577,¾¢,jin
2578,½û,jin
2579,½ş,jin
2580,½õ,jin
2581,½ú,jin
2582,½î,jin
2583,½ò,jin
2584,½÷,jin
2585,½í,jin
2586,½ó,jin
2587,½ı,jin
2588,½ù,jin
2589,âÛ,jin
2590,èª,jin
2591,âË,jin
2592,éÈ,jin
2593,ñÆ,jin
2594,İÀ,jin
2595,İ£,jin
2596,ñæ,jin
2597,ñæ,guan
2598,àä,jin
2599,çÆ,jin
2600,Úá,jin
2601,æ¡,jin
2602,êá,jin
2603,êî,jin
2604,¾¹,jing
2605,¾²,jing
2606,¾®,jing
2607,¾ª,jing
2608,¾­,jing
2609,¾µ,jing
2610,¾©,jing
2611,¾»,jing
2612,¾´,jing
2613,¾«,jing
2614,¾°,jing
2615,¾¯,jing
2616,¾º,jing
2617,¾³,jing
2618,¾¶,jing
2619,¾£,jing
2620,¾§,jing
2621,¾¨,jing
2622,¾¬,jing
2623,¾±,jing
2624,¾±,geng
2625,¾¤,jing
2626,¾¥,jing
2627,¾¦,jing
2628,¾¢,jing
2629,¾¢,jin
2630,¾·,jing
2631,¾¸,jing
2632,ëÂ,jing
2633,â°,jing
2634,Úå,jing
2635,ëæ,jing
2636,åò,jing
2637,ØÙ,jing
2638,ã½,jing
2639,æº,jing
2640,ëÖ,jing
2641,İ¼,jing
2642,ÙÓ,jing
2643,ìº,jing
2644,åÉ,jing
2645,ö¦,jing
2646,ãş,jing
2647,¾½,jiong
2648,¾¼,jiong
2649,ìç,jiong
2650,åÄ,jiong
2651,¾Í,jiu
2652,¾Å,jiu
2653,¾Æ,jiu
2654,¾É,jiu
2655,¾Ã,jiu
2656,¾¾,jiu
2657,¾È,jiu
2658,¾À,jiu
2659,¾Ë,jiu
2660,¾¿,jiu
2661,¾Â,jiu
2662,¾Ç,jiu
2663,¾Ê,jiu
2664,¾Á,jiu
2665,¾Ä,jiu
2666,¾Ì,jiu
2667,¾Î,jiu
2668,ôñ,jiu
2669,ğÕ,jiu
2670,õí,jiu
2671,õí,cu
2672,ÙÖ,jiu
2673,èÑ,jiu
2674,èê,jiu
2675,÷İ,jiu
2676,ğ¯,jiu
2677,ãÎ,jiu
2678,à±,jiu
2679,¾ä,ju
2680,¾ä,gou
2681,¾Ù,ju
2682,¾Ş,ju
2683,¾Ö,ju
2684,¾ß,ju
2685,¾à,ju
2686,¾â,ju
2687,¾ç,ju
2688,¾Ó,ju
2689,¾Û,ju
2690,¾Ğ,ju
2691,¾Õ,ju
2692,¾Ø,ju
2693,¾Ú,ju
2694,¾Ü,ju
2695,¾å,ju
2696,¾Ï,ju
2697,¾Ñ,ju
2698,¾Ô,ju
2699,ÇÒ,ju
2700,¾İ,ju
2701,¹ñ,ju
2702,¹ñ,gui
2703,½Û,ju
2704,½Û,jie
2705,¾ã,ju
2706,³µ,ju
2707,³µ,che
2708,¾×,ju
2709,¾Ò,ju
2710,¾á,ju
2711,¾æ,ju
2712,ÙÆ,ju
2713,õ¶,ju
2714,ñÕ,ju
2715,åğ,ju
2716,êø,ju
2717,ÜÚ,ju
2718,ñÀ,ju
2719,ì«,ju
2720,ï¸,ju
2721,é§,ju
2722,ÜÄ,ju
2723,è¢,ju
2724,Şä,ju
2725,é°,ju
2726,ö´,ju
2727,ôò,ju
2728,Üì,ju
2729,öÂ,ju
2730,åá,ju
2731,éÙ,ju
2732,õá,ju
2733,é·,ju
2734,÷¶,ju
2735,îÒ,ju
2736,Úª,ju
2737,èÛ,ju
2738,èÛ,gou
2739,¾í,juan
2740,È¦,juan
2741,¾ë,juan
2742,¾é,juan
2743,¾è,juan
2744,¾ê,juan
2745,¾ì,juan
2746,¾î,juan
2747,Û²,juan
2748,ïÃ,juan
2749,îÃ,juan
2750,ïÔ,juan
2751,áú,juan
2752,èğ,juan
2753,ä¸,juan
2754,öÁ,juan
2755,¾ö,jue
2756,¾ø,jue
2757,¾õ,jue
2758,¾õ,jiao
2759,½Ç,jue
2760,½Ç,jiao
2761,¾ô,jue
2762,¾ò,jue
2763,¾÷,jue
2764,¾ï,jue
2765,¾ó,jue
2766,¾ñ,jue
2767,¾ğ,jue
2768,½À,jue
2769,½À,jiao
2770,½Å,jue
2771,½Å,jiao
2772,èö,jue
2773,àå,jue
2774,éÓ,jue
2775,àµ,jue
2776,àµ,jie
2777,õû,jue
2778,Øã,jue
2779,ìß,jue
2780,ÛÇ,jue
2781,ïã,jue
2782,â±,jue
2783,çå,jue
2784,áÈ,jue
2785,Ş§,jue
2786,àÙ,jue
2787,ÚÜ,jue
2788,õê,jue
2789,æŞ,jue
2790,ØÊ,jue
2791,¾ü,jun
2792,¾ı,jun
2793,¾ù,jun
2794,¾ú,jun
2795,¿¡,jun
2796,¾ş,jun
2797,¹ê,jun
2798,¹ê,gui
2799,¿¢,jun
2800,¿¥,jun
2801,¾û,jun
2802,¿£,jun
2803,¿¤,jun
2804,óŞ,jun
2805,÷å,jun
2806,ñä,jun
2807,ŞÜ,jun
2808,¿¨,ka
2809,¿¦,ka
2810,¿©,ka
2811,¿©,ge
2812,¿§,ka
2813,¿§,ga
2814,ëÌ,ka
2815,ßÇ,ka
2816,Øû,ka
2817,¿ª,kai
2818,¿«,kai
2819,¿­,kai
2820,¿®,kai
2821,¿¬,kai
2822,¿¬,jie
2823,Ûî,kai
2824,ØÜ,kai
2825,ï´,kai
2826,îø,kai
2827,ïÇ,kai
2828,âé,kai
2829,âı,kai
2830,İÜ,kai
2831,¿´,kan
2832,¿³,kan
2833,¿°,kan
2834,¿¯,kan
2835,Ç¶,kan
2836,¿²,kan
2837,¼÷,kan
2838,¼÷,jian
2839,¿±,kan
2840,íè,kan
2841,ê¬,kan
2842,Ù©,kan
2843,î«,kan
2844,İ¨,kan
2845,ãÛ,kan
2846,ãÛ,han
2847,¿¹,kang
2848,¿»,kang
2849,¿¸,kang
2850,¿¸,gang
2851,¿·,kang
2852,¿µ,kang
2853,¿¶,kang
2854,¿º,kang
2855,îÖ,kang
2856,ãÊ,kang
2857,Øø,kang
2858,¿¿,kao
2859,¿¼,kao
2860,¿¾,kao
2861,¿½,kao
2862,èà,kao
2863,êû,kao
2864,åê,kao
2865,îí,kao
2866,¿É,ke
2867,¿Ë,ke
2868,¿Ã,ke
2869,¿Æ,ke
2870,¿Å,ke
2871,¿Ì,ke
2872,¿Î,ke
2873,¿Í,ke
2874,¿Ç,ke
2875,¿Ê,ke
2876,¿Á,ke
2877,¿Â,ke
2878,¿Ä,ke
2879,¿È,ke
2880,¿È,hai
2881,¿À,ke
2882,ºÇ,ke
2883,ºÇ,a
2884,ã¡,ke
2885,á³,ke
2886,òò,ke
2887,ç¼,ke
2888,òÂ,ke
2889,éğ,ke
2890,ñ½,ke
2891,îİ,ke
2892,ë´,ke
2893,ò¤,ke
2894,î§,ke
2895,ï¾,ke
2896,ïı,ke
2897,çæ,ke
2898,÷Á,ke
2899,ğâ,ke
2900,à¾,ke
2901,äÛ,ke
2902,æì,ke
2903,¿Ï,ken
2904,¿Ğ,ken
2905,¿Ò,ken
2906,¿Ñ,ken
2907,ñÌ,ken
2908,¿Ó,keng
2909,¿Ô,keng
2910,¿Ô,hang
2911,ï¬,keng
2912,¿Õ,kong
2913,¿×,kong
2914,¿Ø,kong
2915,¿Ö,kong
2916,ÙÅ,kong
2917,áÇ,kong
2918,óí,kong
2919,¿Ú,kou
2920,¿Û,kou
2921,¿Ù,kou
2922,¿Ü,kou
2923,Ş¢,kou
2924,ÜÒ,kou
2925,íî,kou
2926,óØ,kou
2927,ßµ,kou
2928,¿Ş,ku
2929,¿â,ku
2930,¿à,ku
2931,¿İ,ku
2932,¿ã,ku
2933,¿ß,ku
2934,¿á,ku
2935,ØÚ,ku
2936,÷¼,ku
2937,à·,ku
2938,Ü¥,ku
2939,ç«,ku
2940,¿ç,kua
2941,¿å,kua
2942,¿æ,kua
2943,¿ä,kua
2944,¿è,kua
2945,Ù¨,kua
2946,¿ì,kuai
2947,¿é,kuai
2948,¿ê,kuai
2949,»á,kuai
2950,»á,hui
2951,¿ë,kuai
2952,ßà,kuai
2953,Øá,kuai
2954,ä«,kuai
2955,ä«,hui
2956,Û¦,kuai
2957,áö,kuai
2958,ëÚ,kuai
2959,¿í,kuan
2960,¿î,kuan
2961,÷Å,kuan
2962,¿ó,kuang
2963,¿ğ,kuang
2964,¿ñ,kuang
2965,¿ò,kuang
2966,¿ö,kuang
2967,¿õ,kuang
2968,¿ï,kuang
2969,¿ô,kuang
2970,Ú¿,kuang
2971,Ú÷,kuang
2972,æş,kuang
2973,ŞÅ,kuang
2974,Ú²,kuang
2975,ÛÛ,kuang
2976,êÜ,kuang
2977,ßÑ,kuang
2978,¿÷,kui
2979,À¢,kui
2980,¿ü,kui
2981,¿ú,kui
2982,À£,kui
2983,¿û,kui
2984,¿ı,kui
2985,À¡,kui
2986,¿ø,kui
2987,¿ş,kui
2988,¿ş,gui
2989,¿ù,kui
2990,ØÑ,kui
2991,ã´,kui
2992,Şñ,kui
2993,î¥,kui
2994,õÍ,kui
2995,ñù,kui
2996,óñ,kui
2997,à­,kui
2998,åÓ,kui
2999,êÒ,kui
3000,İŞ,kui
3001,ã¦,kui
3002,à°,kui
3003,Ø¸,kui
3004,òñ,kui
3005,Úó,kui
3006,Ùç,kui
3007,À¦,kun
3008,À§,kun
3009,À¥,kun
3010,À¤,kun
3011,öï,kun
3012,ï¿,kun
3013,÷Õ,kun
3014,çû,kun
3015,õ«,kun
3016,ãÍ,kun
3017,ã§,kun
3018,À«,kuo
3019,À©,kuo
3020,À¨,kuo
3021,Àª,kuo
3022,ÊÊ,kuo
3023,òÒ,kuo
3024,èé,kuo
3025,èé,gua
3026,À­,la
3027,À²,la
3028,À±,la
3029,À¯,la
3030,À°,la
3031,À®,la
3032,À¬,la
3033,À¶,la
3034,Âä,la
3035,ğø,la
3036,åå,la
3037,íÇ,la
3038,Øİ,la
3039,ê¹,la
3040,À´,lai
3041,Àµ,lai
3042,À³,lai
3043,äş,lai
3044,êã,lai
3045,áÁ,lai
3046,äµ,lai
3047,ïª,lai
3048,ô¥,lai
3049,áâ,lai
3050,ñ®,lai
3051,íù,lai
3052,À¶,lan
3053,À¶,la
3054,À¼,lan
3055,ÀÃ,lan
3056,À¹,lan
3057,Àº,lan
3058,ÀÁ,lan
3059,À¸,lan
3060,À¿,lan
3061,ÀÂ,lan
3062,ÀÄ,lan
3063,À»,lan
3064,À¾,lan
3065,À·,lan
3066,À½,lan
3067,ÀÀ,lan
3068,é­,lan
3069,á°,lan
3070,ñÜ,lan
3071,ïç,lan
3072,ìµ,lan
3073,î½,lan
3074,äí,lan
3075,ÀË,lang
3076,ÀÇ,lang
3077,ÀÈ,lang
3078,ÀÉ,lang
3079,ÀÊ,lang
3080,ÀÆ,lang
3081,ÀÅ,lang
3082,ïü,lang
3083,òë,lang
3084,İ¹,lang
3085,à¥,lang
3086,ï¶,lang
3087,ãÏ,lang
3088,İõ,lang
3089,ÀÏ,lao
3090,ÀÌ,lao
3091,ÀÎ,lao
3092,ÀÍ,lao
3093,ÀÓ,lao
3094,ÀÔ,lao
3095,Âä,lao
3096,Âä,la
3097,ÀÑ,lao
3098,ÀÒ,lao
3099,Âç,lao
3100,ÀĞ,lao
3101,ÁÊ,lao
3102,ñì,lao
3103,ï©,lao
3104,õ²,lao
3105,îî,lao
3106,ßë,lao
3107,èá,lao
3108,áÀ,lao
3109,ğì,lao
3110,ÁË,le
3111,ÀÖ,le
3112,ÀÕ,le
3113,Àß,le
3114,÷¦,le
3115,Øì,le
3116,ß·,le
3117,ãî,le
3118,Àà,lei
3119,ÀÛ,lei
3120,Àá,lei
3121,À×,lei
3122,Àİ,lei
3123,ÀÕ,lei
3124,ÀÕ,le
3125,ÀŞ,lei
3126,ÀÙ,lei
3127,Àß,lei
3128,Àß,le
3129,ÀØ,lei
3130,ÀÜ,lei
3131,ÀÚ,lei
3132,çĞ,lei
3133,Ú³,lei
3134,ñç,lei
3135,õª,lei
3136,Ùú,lei
3137,æĞ,lei
3138,éÛ,lei
3139,àÏ,lei
3140,Àä,leng
3141,Àâ,leng
3142,Àã,leng
3143,ã¶,leng
3144,Ü¨,leng
3145,Àï,li
3146,Àë,li
3147,Á¦,li
3148,Á¢,li
3149,Àî,li
3150,Àı,li
3151,Á¨,li
3152,Àí,li
3153,Àû,li
3154,Àæ,li
3155,Àå,li
3156,Àñ,li
3157,Àú,li
3158,Àö,li
3159,Àô,li
3160,Àù,li
3161,Àì,li
3162,Àò,li
3163,Àü,li
3164,Àó,li
3165,Àş,li
3166,Á¡,li
3167,Àê,li
3168,Á£,li
3169,Á¤,li
3170,Á¥,li
3171,Àõ,li
3172,Á§,li
3173,Àğ,li
3174,À÷,li
3175,Àø,li
3176,Àç,li
3177,Àè,li
3178,Àé,li
3179,Ûª,li
3180,ğ¿,li
3181,óÒ,li
3182,ÛŞ,li
3183,ÜÂ,li
3184,÷¯,li
3185,çÊ,li
3186,õÈ,li
3187,òÛ,li
3188,ï®,li
3189,ã¦,li
3190,ã¦,kui
3191,å¢,li
3192,ôÏ,li
3193,İñ,li
3194,èÀ,li
3195,ó»,li
3196,Øª,li
3197,Øª,ge
3198,ß¿,li
3199,íÂ,li
3200,æË,li
3201,óö,li
3202,ğİ,li
3203,ğß,li
3204,áû,li
3205,Ş¼,li
3206,äà,li
3207,öâ,li
3208,ìå,li
3209,èİ,li
3210,à¦,li
3211,õ·,li
3212,éö,li
3213,îº,li
3214,æê,li
3215,î¾,li
3216,åÎ,li
3217,Ù³,li
3218,à¬,li
3219,ö¨,li
3220,÷ó,li
3221,İ°,li
3222,Ùµ,li
3223,òÃ,li
3224,æ²,li
3225,Á©,lia
3226,Á¬,lian
3227,Áª,lian
3228,Á·,lian
3229,Á«,lian
3230,Áµ,lian
3231,Á³,lian
3232,Á¶,lian
3233,Á´,lian
3234,Á²,lian
3235,Á¯,lian
3236,Á®,lian
3237,Á±,lian
3238,Á­,lian
3239,Á°,lian
3240,ó¹,lian
3241,çö,lian
3242,éç,lian
3243,İü,lian
3244,öã,lian
3245,ŞÆ,lian
3246,äò,lian
3247,ì¡,lian
3248,ñÍ,lian
3249,å¥,lian
3250,ñÏ,lian
3251,é¬,lian
3252,Á½,liang
3253,ÁÁ,liang
3254,Á¾,liang
3255,Á¹,liang
3256,Á¸,liang
3257,Áº,liang
3258,Á¿,liang
3259,Á¼,liang
3260,ÁÀ,liang
3261,ÁÂ,liang
3262,Á©,liang
3263,Á©,lia
3264,Á»,liang
3265,Ü®,liang
3266,ö¦,liang
3267,ö¦,jing
3268,õÔ,liang
3269,é£,liang
3270,÷Ë,liang
3271,İ¹,liang
3272,İ¹,lang
3273,ÁË,liao
3274,ÁË,le
3275,ÁÏ,liao
3276,ÁÃ,liao
3277,ÁÄ,liao
3278,ÁÌ,liao
3279,ÁÆ,liao
3280,ÁÎ,liao
3281,ÁÇ,liao
3282,ÁÉ,liao
3283,ÁÅ,liao
3284,ÁÈ,liao
3285,ÁÍ,liao
3286,ÁÊ,liao
3287,ÁÊ,lao
3288,îÉ,liao
3289,Ş¤,liao
3290,ŞÍ,liao
3291,å¼,liao
3292,çÔ,liao
3293,â²,liao
3294,ğÓ,liao
3295,àÚ,liao
3296,ÁĞ,lie
3297,ÁÑ,lie
3298,ÁÔ,lie
3299,ÁÓ,lie
3300,ÁÒ,lie
3301,ßÖ,lie
3302,Ûø,lie
3303,Şæ,lie
3304,÷à,lie
3305,ôó,lie
3306,õñ,lie
3307,Ùı,lie
3308,ä£,lie
3309,ÁÖ,lin
3310,ÁÙ,lin
3311,ÁÜ,lin
3312,ÁÚ,lin
3313,Á×,lin
3314,ÁÛ,lin
3315,ÁŞ,lin
3316,Áß,lin
3317,Áà,lin
3318,ÁÕ,lin
3319,ÁØ,lin
3320,Áİ,lin
3321,åà,lin
3322,á×,lin
3323,İş,lin
3324,ôÔ,lin
3325,÷ë,lin
3326,õï,lin
3327,ê¥,lin
3328,âŞ,lin
3329,ãÁ,lin
3330,î¬,lin
3331,éİ,lin
3332,ì¢,lin
3333,ßø,lin
3334,Áí,ling
3335,Áî,ling
3336,Áì,ling
3337,Áã,ling
3338,Áå,ling
3339,Áá,ling
3340,Áé,ling
3341,Áë,ling
3342,Áä,ling
3343,Áè,ling
3344,Áê,ling
3345,Áâ,ling
3346,Áæ,ling
3347,Áç,ling
3348,Àâ,ling
3349,Àâ,leng
3350,ôá,ling
3351,òÈ,ling
3352,Üß,ling
3353,ç±,ling
3354,ê²,ling
3355,Û¹,ling
3356,ßÊ,ling
3357,ãö,ling
3358,èù,ling
3359,èÚ,ling
3360,öì,ling
3361,ñö,ling
3362,àò,ling
3363,Áù,liu
3364,Á÷,liu
3365,Áô,liu
3366,Áõ,liu
3367,Áø,liu
3368,Áï,liu
3369,Áò,liu
3370,Áö,liu
3371,Áñ,liu
3372,Áğ,liu
3373,Áó,liu
3374,Âµ,liu
3375,Â½,liu
3376,ç¸,liu
3377,ï³,liu
3378,öÌ,liu
3379,ïÖ,liu
3380,ä¯,liu
3381,æò,liu
3382,ì¼,liu
3383,ğÒ,liu
3384,ìÖ,liu
3385,åŞ,liu
3386,¿©,lo
3387,¿©,ge
3388,Áú,long
3389,Â£,long
3390,Áı,long
3391,Áû,long
3392,Â¡,long
3393,Â¢,long
3394,Åª,long
3395,Áü,long
3396,Áş,long
3397,Â¤,long
3398,Ûâ,long
3399,ëÊ,long
3400,çç,long
3401,Ü×,long
3402,ãñ,long
3403,èĞ,long
3404,ñª,long
3405,íÃ,long
3406,Â¥,lou
3407,Â§,lou
3408,Â©,lou
3409,Âª,lou
3410,Â¶,lou
3411,Â¦,lou
3412,Â¨,lou
3413,ÙÍ,lou
3414,ò÷,lou
3415,ïÎ,lou
3416,İä,lou
3417,ñï,lou
3418,÷Ã,lou
3419,à¶,lou
3420,ğü,lou
3421,áĞ,lou
3422,Â·,lu
3423,Â¶,lu
3424,Â¶,lou
3425,Â¼,lu
3426,Â¹,lu
3427,Â½,lu
3428,Â½,liu
3429,Â¯,lu
3430,Â¬,lu
3431,Â³,lu
3432,Â±,lu
3433,Â«,lu
3434,Â­,lu
3435,Â®,lu
3436,Âµ,lu
3437,Âµ,liu
3438,Â°,lu
3439,ÂÌ,lu
3440,Â²,lu
3441,Â¸,lu
3442,Â¾,lu
3443,Âº,lu
3444,Â»,lu
3445,Â´,lu
3446,Áù,lu
3447,Áù,liu
3448,öÔ,lu
3449,èÓ,lu
3450,äË,lu
3451,Ş¤,lu
3452,Ş¤,liao
3453,åÖ,lu
3454,ãò,lu
3455,éñ,lu
3456,ëª,lu
3457,óü,lu
3458,éÖ,lu
3459,éû,lu
3460,Ûä,lu
3461,ëÍ,lu
3462,àà,lu
3463,ïå,lu
3464,ê¤,lu
3465,äõ,lu
3466,ß£,lu
3467,è´,lu
3468,ğµ,lu
3469,ğØ,lu
3470,ôµ,lu
3471,ÂÒ,luan
3472,ÂÑ,luan
3473,ÂĞ,luan
3474,ÂÍ,luan
3475,ÂÏ,luan
3476,ÂÎ,luan
3477,èï,luan
3478,öÇ,luan
3479,Ùõ,luan
3480,æ®,luan
3481,ğ½,luan
3482,ÂÔ,lue
3483,ÂÓ,lue
3484,ï²,lue
3485,ÂÛ,lun
3486,ÂÖ,lun
3487,ÂÕ,lun
3488,Â×,lun
3489,ÂÙ,lun
3490,ÂØ,lun
3491,ÂÚ,lun
3492,ÂÚ,guan
3493,àğ,lun
3494,Âä,luo
3495,Âä,la
3496,ÂŞ,luo
3497,Âà,luo
3498,Âã,luo
3499,Ââ,luo
3500,ÀÓ,luo
3501,ÀÓ,lao
3502,Âá,luo
3503,Âİ,luo
3504,ÂÜ,luo
3505,Âå,luo
3506,Âæ,luo
3507,Âß,luo
3508,Âç,luo
3509,Âç,lao
3510,¿©,luo
3511,¿©,ge
3512,Üı,luo
3513,äğ,luo
3514,Ùù,luo
3515,öÃ,luo
3516,ÙÀ,luo
3517,íÑ,luo
3518,íÑ,ge
3519,é¡,luo
3520,ŞÛ,luo
3521,ëá,luo
3522,ñ§,luo
3523,Şû,luo
3524,ãø,luo
3525,çó,luo
3526,ïİ,luo
3527,â¤,luo
3528,ÂÌ,lv
3529,ÂÌ,lu
3530,ÂÊ,lv
3531,ÂÁ,lv
3532,Â¿,lv
3533,ÂÃ,lv
3534,ÂÅ,lv
3535,ÂË,lv
3536,ÂÀ,lv
3537,ÂÉ,lv
3538,ÂÈ,lv
3539,ÂÆ,lv
3540,ÂÂ,lv
3541,ÂÇ,lv
3542,ÂÄ,lv
3543,ÙÍ,lv
3544,ÙÍ,lou
3545,ëö,lv
3546,éµ,lv
3547,ãÌ,lv
3548,ŞÛ,lv
3549,ŞÛ,luo
3550,ñÚ,lv
3551,ïù,lv
3552,è¿,m
3553,ß¼,m
3554,Âğ,ma
3555,Âè,ma
3556,Âí,ma
3557,Âï,ma
3558,Âé,ma
3559,Âî,ma
3560,Ä¨,ma
3561,Âë,ma
3562,Âê,ma
3563,Âì,ma
3564,Ä¦,ma
3565,ßé,ma
3566,ó¡,ma
3567,áï,ma
3568,æÖ,ma
3569,è¿,ma
3570,è¿,m
3571,Âò,mai
3572,Âô,mai
3573,Âõ,mai
3574,Âñ,mai
3575,Âó,mai
3576,Âö,mai
3577,Û½,mai
3578,ö²,mai
3579,İ¤,mai
3580,Âú,man
3581,Âı,man
3582,Â÷,man
3583,Âş,man
3584,Âù,man
3585,Âû,man
3586,Âü,man
3587,Âø,man
3588,Âñ,man
3589,Âñ,mai
3590,Ã¡,man
3591,á£,man
3592,÷©,man
3593,Ü¬,man
3594,òı,man
3595,ïÜ,man
3596,ò©,man
3597,÷´,man
3598,çÏ,man
3599,ì×,man
3600,Ã¦,mang
3601,Ã¢,mang
3602,Ã¤,mang
3603,Ã§,mang
3604,Ã£,mang
3605,Ã¥,mang
3606,íË,mang
3607,Úø,mang
3608,òş,mang
3609,äİ,mang
3610,Ã«,mao
3611,Ã°,mao
3612,Ã±,mao
3613,Ã¨,mao
3614,Ã¬,mao
3615,Ã®,mao
3616,Ã²,mao
3617,Ã¯,mao
3618,Ã³,mao
3619,Ã­,mao
3620,Ãª,mao
3621,Ã©,mao
3622,ë£,mao
3623,Üâ,mao
3624,è£,mao
3625,òú,mao
3626,÷Ö,mao
3627,í®,mao
3628,êÄ,mao
3629,êó,mao
3630,î¦,mao
3631,á¹,mao
3632,Ùó,mao
3633,ó±,mao
3634,ì¸,mao
3635,ã÷,mao
3636,Ã´,me
3637,Ã»,mei
3638,Ã¿,mei
3639,Ãº,mei
3640,Ã¾,mei
3641,ÃÀ,mei
3642,Ã¸,mei
3643,ÃÃ,mei
3644,Ã¶,mei
3645,Ã¹,mei
3646,Ãµ,mei
3647,Ã¼,mei
3648,Ã·,mei
3649,ÃÂ,mei
3650,ÃÁ,mei
3651,Ã½,mei
3652,ÃÓ,mei
3653,ÃÄ,mei
3654,ÃÕ,mei
3655,Ä­,mei
3656,áÒ,mei
3657,â­,mei
3658,ñÇ,mei
3659,äØ,mei
3660,ä¼,mei
3661,ğÌ,mei
3662,İ®,mei
3663,÷È,mei
3664,ïÑ,mei
3665,é¹,mei
3666,ÃÅ,men
3667,ÃÇ,men
3668,ÃÆ,men
3669,í¯,men
3670,ŞÑ,men
3671,îÍ,men
3672,ìË,men
3673,ÃÍ,meng
3674,ÃÎ,meng
3675,ÃÉ,meng
3676,ÃÌ,meng
3677,ÃÏ,meng
3678,ÃË,meng
3679,ÃÊ,meng
3680,ÃÈ,meng
3681,Ã¥,meng
3682,Ã¥,mang
3683,íæ,meng
3684,òì,meng
3685,ÛÂ,meng
3686,ãÂ,meng
3687,İù,meng
3688,ó·,meng
3689,òµ,meng
3690,ëü,meng
3691,ô»,meng
3692,ô¿,meng
3693,Ş«,meng
3694,Ã×,mi
3695,ÃÜ,mi
3696,ÃÔ,mi
3697,ÃĞ,mi
3698,ÃÛ,mi
3699,ÃÕ,mi
3700,ÃÕ,mei
3701,ÃÙ,mi
3702,ÃØ,mi
3703,ÃØ,bi
3704,ÃÖ,mi
3705,Ãİ,mi
3706,ÃÒ,mi
3707,ÃÓ,mi
3708,ÃÓ,mei
3709,ÃÚ,mi
3710,ÃÚ,bi
3711,ÃÑ,mi
3712,ŞÂ,mi
3713,÷ã,mi
3714,ßä,mi
3715,ãè,mi
3716,÷ç,mi
3717,ìò,mi
3718,â¨,mi
3719,åô,mi
3720,Ú×,mi
3721,ØÂ,mi
3722,ëß,mi
3723,åµ,mi
3724,ôÍ,mi
3725,à×,mi
3726,ôé,mi
3727,Ãæ,mian
3728,ÃŞ,mian
3729,Ãâ,mian
3730,Ãà,mian
3731,Ãß,mian
3732,Ãå,mian
3733,Ãã,mian
3734,Ãá,mian
3735,Ãä,mian
3736,ëï,mian
3737,äÏ,mian
3738,íí,mian
3739,ãæ,mian
3740,ö¼,mian
3741,äÅ,mian
3742,Ãë,miao
3743,Ãç,miao
3744,Ãí,miao
3745,Ãî,miao
3746,Ãè,miao
3747,Ãé,miao
3748,Ãê,miao
3749,Ãì,miao
3750,íğ,miao
3751,çÑ,miao
3752,ç¿,miao
3753,íµ,miao
3754,ß÷,miao
3755,èÂ,miao
3756,ğÅ,miao
3757,åã,miao
3758,Ãğ,mie
3759,Ãï,mie
3760,ßã,mie
3761,óú,mie
3762,óº,mie
3763,Ø¿,mie
3764,Ãñ,min
3765,Ãò,min
3766,Ãô,min
3767,Ãö,min
3768,Ãó,min
3769,Ãõ,min
3770,çë,min
3771,íª,min
3772,çÅ,min
3773,ãÉ,min
3774,çä,min
3775,Üå,min
3776,ãı,min
3777,ö¼,min
3778,ö¼,mian
3779,÷ª,min
3780,áº,min
3781,Ãû,ming
3782,Ã÷,ming
3783,Ãü,ming
3784,Ãù,ming
3785,Ãú,ming
3786,Ãø,ming
3787,ÃË,ming
3788,ÃË,meng
3789,Ú¤,ming
3790,î¨,ming
3791,êÔ,ming
3792,Üø,ming
3793,äé,ming
3794,õ¤,ming
3795,Ãı,miu
3796,çÑ,miu
3797,çÑ,miao
3798,Ãş,mo
3799,Ä¥,mo
3800,Ä¨,mo
3801,Ä¨,ma
3802,Ä©,mo
3803,Ä¤,mo
3804,Ä«,mo
3805,Ã»,mo
3806,Ã»,mei
3807,Äª,mo
3808,Ä¬,mo
3809,Ä§,mo
3810,Ä£,mo
3811,Ä¦,mo
3812,Ä¦,ma
3813,Ä¡,mo
3814,Ä®,mo
3815,Ä°,mo
3816,Ä¢,mo
3817,Âö,mo
3818,Âö,mai
3819,Ä­,mo
3820,Ä­,mei
3821,Íò,mo
3822,ÎŞ,mo
3823,ºÙ,mo
3824,ºÙ,hei
3825,Ã°,mo
3826,Ã°,mao
3827,Ä¯,mo
3828,ï÷,mo
3829,ñ¢,mo
3830,éâ,mo
3831,ïÒ,mo
3832,æÆ,mo
3833,ÚÓ,mo
3834,İë,mo
3835,õö,mo
3836,õø,mo
3837,÷á,mo
3838,ÜÔ,mo
3839,âÉ,mo
3840,ñò,mo
3841,Ä³,mou
3842,Ä±,mou
3843,Ä²,mou
3844,íø,mou
3845,òÖ,mou
3846,öÊ,mou
3847,Ù°,mou
3848,çÑ,mou
3849,çÑ,miao
3850,ßè,mou
3851,Ä¾,mu
3852,Ä¸,mu
3853,Ä¶,mu
3854,Ä»,mu
3855,Ä¿,mu
3856,Ä¹,mu
3857,ÄÁ,mu
3858,Ä²,mu
3859,Ä²,mou
3860,Ä£,mu
3861,Ä£,mo
3862,ÄÂ,mu
3863,Äº,mu
3864,Äµ,mu
3865,Ä´,mu
3866,Ä¼,mu
3867,Ä½,mu
3868,ÄÀ,mu
3869,Ä·,mu
3870,ÀÑ,mu
3871,ÀÑ,lao
3872,îâ,mu
3873,ë¤,mu
3874,Ûé,mu
3875,ãå,mu
3876,Øï,mu
3877,ÜÙ,mu
3878,àÅ,n
3879,ÄÇ,na
3880,ÄÃ,na
3881,ÄÄ,na
3882,ÄÉ,na
3883,ÄÆ,na
3884,ÄÈ,na
3885,ÄÅ,na
3886,ÄÏ,na
3887,ñÄ,na
3888,Şà,na
3889,ïÕ,na
3890,ëÇ,na
3891,ÄË,nai
3892,ÄÍ,nai
3893,ÄÌ,nai
3894,ÄÎ,nai
3895,ÄÊ,nai
3896,ÄÄ,nai
3897,ÄÄ,na
3898,İÁ,nai
3899,Üµ,nai
3900,èÍ,nai
3901,Ø¾,nai
3902,Ù¦,nai
3903,Ù¦,er
3904,ÄÑ,nan
3905,ÄÏ,nan
3906,ÄÏ,na
3907,ÄĞ,nan
3908,ôö,nan
3909,àï,nan
3910,òï,nan
3911,éª,nan
3912,à«,nan
3913,ëî,nan
3914,ÄÒ,nang
3915,âÎ,nang
3916,êÙ,nang
3917,àì,nang
3918,ß­,nang
3919,ÄÖ,nao
3920,ÄÔ,nao
3921,ÄÕ,nao
3922,ÄÓ,nao
3923,Ä×,nao
3924,Ø«,nao
3925,îó,nao
3926,è§,nao
3927,Ûñ,nao
3928,ßÎ,nao
3929,òÍ,nao
3930,â®,nao
3931,íĞ,nao
3932,ÄØ,ne
3933,ÄÄ,ne
3934,ÄÄ,na
3935,ÄÇ,ne
3936,ÄÇ,na
3937,ÄÅ,ne
3938,ÄÅ,na
3939,Ú«,ne
3940,ÄÚ,nei
3941,ÄÄ,nei
3942,ÄÄ,na
3943,ÄÙ,nei
3944,ÄÇ,nei
3945,ÄÇ,na
3946,ÄÛ,nen
3947,í¥,nen
3948,ÄÜ,neng
3949,Äã,ni
3950,Äà,ni
3951,Äâ,ni
3952,Äå,ni
3953,Äæ,ni
3954,ÄØ,ni
3955,ÄØ,ne
3956,Äç,ni
3957,Äß,ni
3958,Äá,ni
3959,Ää,ni
3960,Äİ,ni
3961,ÄŞ,ni
3962,îê,ni
3963,êÇ,ni
3964,Ûè,ni
3965,ìò,ni
3966,ìò,mi
3967,â¥,ni
3968,Ù£,ni
3969,âõ,ni
3970,öò,ni
3971,íş,ni
3972,ì»,ni
3973,Äê,nian
3974,Äî,nian
3975,Äí,nian
3976,Äì,nian
3977,Äé,nian
3978,Äë,nian
3979,Äè,nian
3980,Õ³,nian
3981,Ø¥,nian
3982,ğ¤,nian
3983,éı,nian
3984,öÓ,nian
3985,öó,nian
3986,Ûş,nian
3987,Äï,niang
3988,Äğ,niang
3989,Äñ,niao
3990,Äñ,diao
3991,Äò,niao
3992,ôÁ,niao
3993,Üà,niao
3994,ëå,niao
3995,æÕ,niao
3996,Äó,nie
3997,Äø,nie
3998,Äô,nie
3999,Äõ,nie
4000,Äù,nie
4001,Ä÷,nie
4002,Äö,nie
4003,Úí,nie
4004,ŞÁ,nie
4005,à¿,nie
4006,ô«,nie
4007,õæ,nie
4008,ò¨,nie
4009,Ø¿,nie
4010,Ø¿,mie
4011,Äú,nin
4012,í¥,nin
4013,í¥,nen
4014,Å¡,ning
4015,Äı,ning
4016,Äş,ning
4017,Äû,ning
4018,Äü,ning
4019,Å¢,ning
4020,Øú,ning
4021,å¸,ning
4022,ßÌ,ning
4023,ñ÷,ning
4024,Å£,niu
4025,Å¤,niu
4026,Å¦,niu
4027,Å¥,niu
4028,ŞÖ,niu
4029,ŞÖ,ao
4030,æ¤,niu
4031,áğ,niu
4032,âî,niu
4033,Åª,nong
4034,Åª,long
4035,Å¨,nong
4036,Å©,nong
4037,Å§,nong
4038,ßæ,nong
4039,Ù¯,nong
4040,ññ,nou
4041,Å­,nu
4042,Å¬,nu
4043,Å«,nu
4044,æÛ,nu
4045,æÀ,nu
4046,æå,nu
4047,åó,nu
4048,Å¯,nuan
4049,Å°,nue
4050,Å±,nue
4051,ÚÊ,nue
4052,Å²,nuo
4053,Åµ,nuo
4054,Å³,nuo
4055,Å´,nuo
4056,ÄÈ,nuo
4057,ÄÈ,na
4058,ßö,nuo
4059,ÙĞ,nuo
4060,ï»,nuo
4061,Şù,nuo
4062,Å®,nv
4063,ô¬,nv
4064,îÏ,nv
4065,í¤,nv
4066,Å¶,o
4067,Å¶,e
4068,à¸,o
4069,àŞ,o
4070,Å¼,ou
4071,Å»,ou
4072,Å·,ou
4073,Åº,ou
4074,Å¸,ou
4075,Çø,ou
4076,Å½,ou
4077,Å¹,ou
4078,âæ,ou
4079,ê±,ou
4080,Ú©,ou
4081,ñî,ou
4082,ÅÂ,pa
4083,ÅÀ,pa
4084,Å¿,pa
4085,Å¾,pa
4086,°Ò,pa
4087,°Ò,ba
4088,°Ç,pa
4089,°Ç,ba
4090,ÅÁ,pa
4091,ÅÃ,pa
4092,ÅÉ,pa
4093,óá,pa
4094,èË,pa
4095,İâ,pa
4096,ÅÉ,pai
4097,ÅÉ,pa
4098,ÅÅ,pai
4099,ÅÄ,pai
4100,ÅÆ,pai
4101,ÆÈ,pai
4102,ÅÇ,pai
4103,ÅÈ,pai
4104,ßß,pai
4105,Ù½,pai
4106,İå,pai
4107,ÅÌ,pan
4108,ÅÎ,pan
4109,ÅĞ,pan
4110,ÅÊ,pan
4111,ÅÏ,pan
4112,ÅË,pan
4113,ÅÑ,pan
4114,ÅÍ,pan
4115,·¬,pan
4116,·¬,fan
4117,°ã,pan
4118,°ã,ban
4119,ÅÖ,pan
4120,ñá,pan
4121,ó´,pan
4122,ñÈ,pan
4123,ãú,pan
4124,ŞÕ,pan
4125,ãİ,pan
4126,õç,pan
4127,ÅÔ,pang
4128,ÅÖ,pang
4129,ÅÖ,pan
4130,ÅÕ,pang
4131,ÅÓ,pang
4132,ÅÒ,pang
4133,°ò,pang
4134,°ò,bang
4135,°õ,pang
4136,°õ,bang
4137,äè,pang
4138,áİ,pang
4139,áİ,fang
4140,åÌ,pang
4141,ó¦,pang
4142,ÅÜ,pao
4143,Å×,pao
4144,ÅÚ,pao
4145,ÅÚ,bao
4146,Åİ,pao
4147,ÅÙ,pao
4148,ÅÙ,bao
4149,ÅÛ,pao
4150,ÅØ,pao
4151,áó,pao
4152,ŞË,pao
4153,âÒ,pao
4154,ğå,pao
4155,ëã,pao
4156,Åã,pei
4157,Åä,pei
4158,Åâ,pei
4159,ÅŞ,pei
4160,Åß,pei
4161,Åå,pei
4162,Åà,pei
4163,Åæ,pei
4164,Åá,pei
4165,ì·,pei
4166,ïÂ,pei
4167,àú,pei
4168,õ¬,pei
4169,ö¬,pei
4170,àÎ,pei
4171,Åç,pen
4172,Åè,pen
4173,äÔ,pen
4174,Åö,peng
4175,Åõ,peng
4176,Åï,peng
4177,Åé,peng
4178,Åî,peng
4179,Åó,peng
4180,Åí,peng
4181,Åô,peng
4182,Åë,peng
4183,Åğ,peng
4184,Åò,peng
4185,Åê,peng
4186,Åì,peng
4187,Åñ,peng
4188,âñ,peng
4189,Ü¡,peng
4190,ó²,peng
4191,àØ,peng
4192,Åú,pi
4193,Æ¤,pi
4194,Åû,pi
4195,Æ¥,pi
4196,Åü,pi
4197,±Ù,pi
4198,±Ù,bi
4199,Å÷,pi
4200,Æ¨,pi
4201,Æ¢,pi
4202,Æ§,pi
4203,Æ£,pi
4204,Æ¦,pi
4205,Åù,pi
4206,Åı,pi
4207,Åş,pi
4208,Æ¡,pi
4209,Æ©,pi
4210,Åø,pi
4211,·ñ,pi
4212,·ñ,fou
4213,õù,pi
4214,Ø§,pi
4215,ÛÜ,pi
4216,æÇ,pi
4217,ñ±,pi
4218,Øò,pi
4219,ß¨,pi
4220,Û¯,pi
4221,ê¶,pi
4222,èÁ,pi
4223,î¢,pi
4224,òç,pi
4225,Ü±,pi
4226,Úü,pi
4227,ßÁ,pi
4228,ßÁ,bi
4229,Úé,pi
4230,Úé,bei
4231,îë,pi
4232,âÏ,pi
4233,î¼,pi
4234,Ûı,pi
4235,ç¢,pi
4236,Úğ,pi
4237,äÄ,pi
4238,àè,pi
4239,ò·,pi
4240,ñÔ,pi
4241,ñÔ,bi
4242,Æ¬,pian
4243,Æª,pian
4244,Æ­,pian
4245,Æ«,pian
4246,±ã,pian
4247,±ã,bian
4248,±â,pian
4249,±â,bian
4250,ôæ,pian
4251,çÂ,pian
4252,çÂ,bian
4253,êú,pian
4254,æé,pian
4255,ëİ,pian
4256,õä,pian
4257,ÚÒ,pian
4258,ğÚ,pianpang
4259,Úâ,pianpang
4260,í±,pianpang
4261,ØÎ,pianpang
4262,æù,pianpang
4263,Ü³,pianpang
4264,ò®,pianpang
4265,Ùï,pianpang
4266,ŞÃ,pianpang
4267,âà,pianpang
4268,åæ,pianpang
4269,Øç,pianpang
4270,Øé,pianpang
4271,ŞÌ,pianpang
4272,å²,pianpang
4273,ØÖ,pianpang
4274,ìá,pianpang
4275,Ø¼,pianpang
4276,ŞĞ,pianpang
4277,Ùû,pianpang
4278,ë¶,pianpang
4279,Ø­,pianpang
4280,ìê,pianpang
4281,âº,pianpang
4282,â»,pianpang
4283,Ø¯,pianpang
4284,åø,pianpang
4285,åÁ,pianpang
4286,Ú¢,pianpang
4287,áê,pianpang
4288,îÄ,pianpang
4289,áë,pianpang
4290,àí,pianpang
4291,Ùè,pianpang
4292,Úà,pianpang
4293,ÛÈ,pianpang
4294,ñÂ,pianpang
4295,ãÜ,pianpang
4296,ÛÉ,pianpang
4297,ãß,pianpang
4298,Ú¥,pianpang
4299,Æ±,piao
4300,Æ®,piao
4301,Æ¯,piao
4302,Æ°,piao
4303,ÆÓ,piao
4304,óª,piao
4305,İ³,piao
4306,İ³,fu
4307,æÎ,piao
4308,î©,piao
4309,éè,piao
4310,çÎ,piao
4311,àÑ,piao
4312,æô,piao
4313,æô,biao
4314,Øâ,piao
4315,Æ³,pie
4316,Æ²,pie
4317,ë­,pie
4318,ÜÖ,pie
4319,Æ·,pin
4320,Æ¶,pin
4321,Æ¸,pin
4322,Æ´,pin
4323,Æµ,pin
4324,æÉ,pin
4325,é¯,pin
4326,æ°,pin
4327,êò,pin
4328,ò­,pin
4329,Æ½,ping
4330,Æ¾,ping
4331,Æ¿,ping
4332,ÆÀ,ping
4333,ÆÁ,ping
4334,ÆÁ,bing
4335,Æ¹,ping
4336,Æ¼,ping
4337,Æ»,ping
4338,Æº,ping
4339,·ë,ping
4340,·ë,feng
4341,æ³,ping
4342,öÒ,ping
4343,èÒ,ping
4344,Ù·,ping
4345,ÆÆ,po
4346,ÆÂ,po
4347,ÆÄ,po
4348,ÆÅ,po
4349,ÆÃ,po
4350,ÆÈ,po
4351,ÆÈ,pai
4352,²´,po
4353,²´,bo
4354,ÆÇ,po
4355,ÆÇ,bo
4356,ÆÓ,po
4357,ÆÓ,piao
4358,·±,po
4359,·±,fan
4360,ÆÉ,po
4361,óÍ,po
4362,ğ«,po
4363,îÇ,po
4364,Úé,po
4365,Úé,bei
4366,Û¶,po
4367,ê·,po
4368,ØÏ,po
4369,çê,po
4370,îŞ,po
4371,ÆÊ,pou
4372,Şå,pou
4373,Ùö,pou
4374,ÆË,pu
4375,ÆÌ,pu
4376,Æ×,pu
4377,¸¬,pu
4378,¸¬,fu
4379,ÆÍ,pu
4380,ÆÑ,pu
4381,ÆÏ,pu
4382,ÆÓ,pu
4383,ÆÓ,piao
4384,ÆĞ,pu
4385,ÆØ,pu
4386,ÆÎ,pu
4387,ÆÙ,pu
4388,ÆÙ,bao
4389,ÆÒ,pu
4390,ÆÒ,bu
4391,ÆÔ,pu
4392,ÆÖ,pu
4393,±¤,pu
4394,±¤,bao
4395,ÆÕ,pu
4396,±©,pu
4397,±©,bao
4398,ïè,pu
4399,àÛ,pu
4400,Ùé,pu
4401,äß,pu
4402,å§,pu
4403,ë«,pu
4404,õë,pu
4405,è±,pu
4406,ïä,pu
4407,è£,q
4408,è£,mao
4409,Æğ,qi
4410,Æä,qi
4411,Æä,ji
4412,Æß,qi
4413,Æø,qi
4414,ÆÚ,qi
4415,ÆÚ,ji
4416,Æë,qi
4417,Æë,ji
4418,Æ÷,qi
4419,ÆŞ,qi
4420,Æï,qi
4421,Æû,qi
4422,Æå,qi
4423,Ææ,qi
4424,Ææ,ji
4425,ÆÛ,qi
4426,Æá,qi
4427,Æô,qi
4428,Æİ,qi
4429,Æâ,qi
4430,Æñ,qi
4431,Æö,qi
4432,Æú,qi
4433,Æü,qi
4434,Æî,qi
4435,Æà,qi
4436,Æó,qi
4437,Æò,qi
4438,Æõ,qi
4439,Æç,qi
4440,Æí,qi
4441,ÆÜ,qi
4442,Æè,qi
4443,Æê,qi
4444,Æé,qi
4445,»ü,qi
4446,»ü,ji
4447,Æù,qi
4448,¼©,qi
4449,¼©,ji
4450,Æã,qi
4451,Æı,qi
4452,Æì,qi
4453,ì÷,qi
4454,ñı,qi
4455,æë,qi
4456,á¨,qi
4457,áª,qi
4458,õè,qi
4459,İ½,qi
4460,Ş­,qi
4461,èç,qi
4462,í¬,qi
4463,ÜÎ,qi
4464,Üù,qi
4465,Üù,ji
4466,İÂ,qi
4467,Ü»,qi
4468,ãà,qi
4469,Ø½,qi
4470,Ø½,ji
4471,÷¢,qi
4472,Ù¹,qi
4473,éÊ,qi
4474,àÒ,qi
4475,òÓ,qi
4476,ôë,qi
4477,ØÁ,qi
4478,ì¥,qi
4479,ç÷,qi
4480,÷è,qi
4481,çù,qi
4482,òà,qi
4483,Ûß,qi
4484,è½,qi
4485,İİ,qi
4486,íÓ,qi
4487,ä¿,qi
4488,ìó,qi
4489,êÈ,qi
4490,ç²,qi
4491,Ç¡,qia
4492,¿¨,qia
4493,¿¨,ka
4494,Æş,qia
4495,Ç¢,qia
4496,÷Ä,qia
4497,ñÊ,qia
4498,İÖ,qia
4499,Ç°,qian
4500,Ç®,qian
4501,Ç§,qian
4502,Ç£,qian
4503,Ç³,qian
4504,Ç³,jian
4505,Ç©,qian
4506,Ç·,qian
4507,Ç¦,qian
4508,Ç¶,qian
4509,Ç¶,kan
4510,Ç¥,qian
4511,Ç¨,qian
4512,Ç¯,qian
4513,Ç¬,qian
4514,Ç´,qian
4515,Ç«,qian
4516,Ç±,qian
4517,Ç¸,qian
4518,ÏË,qian
4519,Ç¤,qian
4520,Ç²,qian
4521,Ç­,qian
4522,Çµ,qian
4523,Çª,qian
4524,á©,qian
4525,îÔ,qian
4526,å½,qian
4527,óé,qian
4528,Şç,qian
4529,åº,qian
4530,Ù»,qian
4531,ã»,qian
4532,ã¥,qian
4533,í©,qian
4534,ò¯,qian
4535,ÜÍ,qian
4536,İ¡,qian
4537,ç×,qian
4538,Ùİ,qian
4539,Ü·,qian
4540,Úä,qian
4541,ëÉ,qian
4542,Üç,qian
4543,èı,qian
4544,êù,qian
4545,å¹,qian
4546,Ç¿,qiang
4547,Ç¿,jiang
4548,Ç¹,qiang
4549,Ç½,qiang
4550,ÇÀ,qiang
4551,Ç»,qiang
4552,Çº,qiang
4553,Ç¼,qiang
4554,Ç¾,qiang
4555,½«,qiang
4556,½«,jiang
4557,òŞ,qiang
4558,õÄ,qiang
4559,ê¨,qiang
4560,ñß,qiang
4561,ãŞ,qiang
4562,ìÁ,qiang
4563,ïê,qiang
4564,ïº,qiang
4565,ïÏ,qiang
4566,ôÇ,qiang
4567,éÉ,qiang
4568,æÍ,qiang
4569,ÇÅ,qiao
4570,ÇÆ,qiao
4571,ÇÃ,qiao
4572,ÇÉ,qiao
4573,ÇÌ,qiao
4574,ÇÂ,qiao
4575,¿Ç,qiao
4576,¿Ç,ke
4577,ÇÊ,qiao
4578,ÇË,qiao
4579,ÇÄ,qiao
4580,ÇÎ,qiao
4581,ÇÏ,qiao
4582,È¸,qiao
4583,ÇÇ,qiao
4584,ÇÈ,qiao
4585,ÇÍ,qiao
4586,ÇÁ,qiao
4587,éÔ,qiao
4588,Üñ,qiao
4589,õÎ,qiao
4590,íÍ,qiao
4591,ã¾,qiao
4592,ÚÛ,qiao
4593,÷³,qiao
4594,ã¸,qiao
4595,çØ,qiao
4596,Ú½,qiao
4597,Øä,qiao
4598,ÇĞ,qie
4599,ÇÒ,qie
4600,ÇÒ,ju
4601,ÇÓ,qie
4602,ÇÔ,qie
4603,ÇÑ,qie
4604,ÇÑ,jia
4605,Æö,qie
4606,Æö,qi
4607,Û§,qie
4608,ôò,qie
4609,ôò,ju
4610,ã«,qie
4611,ïÆ,qie
4612,æª,qie
4613,óæ,qie
4614,ã»,qie
4615,ã»,qian
4616,Ù¤,qie
4617,Ù¤,ga
4618,êü,qie
4619,Ç×,qin
4620,ÇÙ,qin
4621,ÇÖ,qin
4622,ÇÚ,qin
4623,ÇÜ,qin
4624,ÇŞ,qin
4625,ÇØ,qin
4626,ÇÛ,qin
4627,Çß,qin
4628,Çİ,qin
4629,ÇÕ,qin
4630,ßÄ,qin
4631,ñû,qin
4632,ñæ,qin
4633,ñæ,guan
4634,ôÀ,qin
4635,ÜË,qin
4636,äÚ,qin
4637,âÛ,qin
4638,âÛ,jin
4639,àº,qin
4640,òû,qin
4641,àß,qin
4642,Şì,qin
4643,éÕ,qin
4644,ï·,qin
4645,Çë,qing
4646,Çá,qing
4647,Çå,qing
4648,Çà,qing
4649,Çé,qing
4650,Çç,qing
4651,Çâ,qing
4652,Çã,qing
4653,Çì,qing
4654,Çæ,qing
4655,Çê,qing
4656,Ç×,qing
4657,Ç×,qin
4658,Çä,qing
4659,Çè,qing
4660,àõ,qing
4661,ö¥,qing
4662,éÑ,qing
4663,óä,qing
4664,ÜÜ,qing
4665,òß,qing
4666,÷ô,qing
4667,óÀ,qing
4668,öë,qing
4669,íà,qing
4670,ôì,qing
4671,Çî,qiong
4672,Çí,qiong
4673,õ¼,qiong
4674,ñ·,qiong
4675,Úö,qiong
4676,òË,qiong
4677,Üä,qiong
4678,öÆ,qiong
4679,óÌ,qiong
4680,Çó,qiu
4681,Çò,qiu
4682,Çï,qiu
4683,Çğ,qiu
4684,Çö,qiu
4685,³ğ,qiu
4686,³ğ,chou
4687,Çñ,qiu
4688,Çô,qiu
4689,Çõ,qiu
4690,¹ê,qiu
4691,¹ê,gui
4692,é±,qiu
4693,òÇ,qiu
4694,ôÃ,qiu
4695,ôÜ,qiu
4696,òø,qiu
4697,ÛÏ,qiu
4698,åÏ,qiu
4699,Ù´,qiu
4700,ò°,qiu
4701,êä,qiu
4702,öú,qiu
4703,áì,qiu
4704,äĞ,qiu
4705,äĞ,jiao
4706,÷ü,qiu
4707,åÙ,qiu
4708,È¥,qu
4709,È¡,qu
4710,Çø,qu
4711,Çø,ou
4712,È¢,qu
4713,Çş,qu
4714,Çú,qu
4715,Ç÷,qu
4716,È¤,qu
4717,Çü,qu
4718,Çı,qu
4719,Çù,qu
4720,Çû,qu
4721,È£,qu
4722,Ğç,qu
4723,ó½,qu
4724,Ş¾,qu
4725,ìî,qu
4726,Ş¡,qu
4727,íá,qu
4728,Û¾,qu
4729,Ú°,qu
4730,ğ¶,qu
4731,ãÖ,qu
4732,ôğ,qu
4733,ñ³,qu
4734,áé,qu
4735,÷ñ,qu
4736,è³,qu
4737,ë¬,qu
4738,êï,qu
4739,òĞ,qu
4740,ëÔ,qu
4741,öÄ,qu
4742,á«,qu
4743,ÜÄ,qu
4744,ÜÄ,ju
4745,È«,quan
4746,È¨,quan
4747,È°,quan
4748,È¦,quan
4749,È¦,juan
4750,È­,quan
4751,È®,quan
4752,Èª,quan
4753,È¯,quan
4754,È§,quan
4755,È¬,quan
4756,È©,quan
4757,îı,quan
4758,óÜ,quan
4759,ç¹,quan
4760,Ú¹,quan
4761,éú,quan
4762,î°,quan
4763,÷Ü,quan
4764,ãª,quan
4765,òé,quan
4766,Üõ,quan
4767,È´,que
4768,È±,que
4769,È·,que
4770,È¸,que
4771,È¸,qiao
4772,È³,que
4773,Èµ,que
4774,È²,que
4775,È²,gui
4776,È¶,que
4777,ãÚ,que
4778,ã×,que
4779,í¨,que
4780,Èº,qun
4781,È¹,qun
4782,÷å,qun
4783,÷å,jun
4784,åÒ,qun
4785,È¾,ran
4786,È¼,ran
4787,È»,ran
4788,È½,ran
4789,÷×,ran
4790,ÜÛ,ran
4791,òÅ,ran
4792,ÈÃ,rang
4793,ÈÂ,rang
4794,È¿,rang
4795,ÈÁ,rang
4796,ÈÀ,rang
4797,ğ¦,rang
4798,ìü,rang
4799,ÈÄ,rao
4800,ÈÆ,rao
4801,ÈÅ,rao
4802,Üé,rao
4803,èã,rao
4804,æ¬,rao
4805,ÈÈ,re
4806,Èô,re
4807,ÈÇ,re
4808,ßö,re
4809,ßö,nuo
4810,ÈË,ren
4811,ÈÎ,ren
4812,ÈÌ,ren
4813,ÈÏ,ren
4814,ÈĞ,ren
4815,ÈÊ,ren
4816,ÈÍ,ren
4817,ÈÑ,ren
4818,ÈÒ,ren
4819,ÈÉ,ren
4820,â¿,ren
4821,éí,ren
4822,Øğ,ren
4823,Üó,ren
4824,İØ,ren
4825,ñÅ,ren
4826,ïş,ren
4827,ÈÔ,reng
4828,ÈÓ,reng
4829,ÈÕ,ri
4830,Èİ,rong
4831,ÈŞ,rong
4832,ÈÚ,rong
4833,ÈÜ,rong
4834,ÈÛ,rong
4835,ÈÙ,rong
4836,ÈÖ,rong
4837,ÈØ,rong
4838,Èß,rong
4839,È×,rong
4840,éÅ,rong
4841,áõ,rong
4842,áÉ,rong
4843,ëÀ,rong
4844,òî,rong
4845,Èâ,rou
4846,Èà,rou
4847,Èá,rou
4848,ôÛ,rou
4849,õå,rou
4850,÷·,rou
4851,Èç,ru
4852,Èë,ru
4853,Èê,ru
4854,Èå,ru
4855,Èã,ru
4856,Èé,ru
4857,Èì,ru
4858,Èè,ru
4859,Èä,ru
4860,Èæ,ru
4861,İê,ru
4862,ñà,ru
4863,ï¨,ru
4864,àé,ru
4865,çÈ,ru
4866,å¦,ru
4867,Ş¸,ru
4868,ò¬,ru
4869,äá,ru
4870,ä²,ru
4871,Èí,ruan
4872,Èî,ruan
4873,ëÃ,ruan
4874,Èğ,rui
4875,Èï,rui
4876,Èñ,rui
4877,î£,rui
4878,ÜÇ,rui
4879,ò¸,rui
4880,èÄ,rui
4881,Ş¨,rui
4882,Èó,run
4883,Èò,run
4884,Èô,ruo
4885,Èô,re
4886,Èõ,ruo
4887,óè,ruo
4888,Ù¼,ruo
4889,Èö,sa
4890,È÷,sa
4891,Èø,sa
4892,êı,sa
4893,Øí,sa
4894,Ø¦,sa
4895,ìª,sa
4896,ëÛ,sa
4897,Èû,sai
4898,Èù,sai
4899,Èú,sai
4900,Ë¼,sai
4901,Èü,sai
4902,àç,sai
4903,Èı,san
4904,É¢,san
4905,É¡,san
4906,Èş,san
4907,âÌ,san
4908,ôÖ,san
4909,ë§,san
4910,ö±,san
4911,É£,sang
4912,É¥,sang
4913,É¤,sang
4914,òª,sang
4915,íß,sang
4916,Şú,sang
4917,É¨,sao
4918,É©,sao
4919,É¦,sao
4920,É§,sao
4921,ÉÒ,sao
4922,Ü£,sao
4923,öş,sao
4924,ëı,sao
4925,çÒ,sao
4926,ğş,sao
4927,É«,se
4928,É¬,se
4929,Éª,se
4930,Èû,se
4931,Èû,sai
4932,ØÄ,se
4933,ï¤,se
4934,ğ£,se
4935,É­,sen
4936,É®,seng
4937,É±,sha
4938,É³,sha
4939,É¶,sha
4940,É´,sha
4941,Éµ,sha
4942,É°,sha
4943,É²,sha
4944,É²,cha
4945,É¯,sha
4946,ÏÃ,sha
4947,É·,sha
4948,É¼,sha
4949,àÄ,sha
4950,àÄ,a
4951,ßş,sha
4952,öè,sha
4953,ö®,sha
4954,ï¡,sha
4955,ğğ,sha
4956,ôÄ,sha
4957,êı,sha
4958,êı,sa
4959,ì¦,sha
4960,É¹,shai
4961,É¸,shai
4962,É«,shai
4963,É«,se
4964,õ§,shai
4965,É½,shan
4966,ÉÁ,shan
4967,ÉÀ,shan
4968,ÉÆ,shan
4969,ÉÈ,shan
4970,É¼,shan
4971,É¼,sha
4972,É¾,shan
4973,É¿,shan
4974,µ¥,shan
4975,µ¥,chan
4976,Éº,shan
4977,²ô,shan
4978,²ô,can
4979,ÉÄ,shan
4980,Õ¤,shan
4981,É»,shan
4982,µ§,shan
4983,µ§,dan
4984,ÉÅ,shan
4985,ÉÂ,shan
4986,ÉÇ,shan
4987,ÉÃ,shan
4988,ÉÉ,shan
4989,æÓ,shan
4990,óµ,shan
4991,ÜÏ,shan
4992,ìø,shan
4993,ìø,chan
4994,õÇ,shan
4995,Û·,shan
4996,äú,shan
4997,÷­,shan
4998,æ©,shan
4999,Øß,shan
5000,æó,shan
5001,ğŞ,shan
5002,ëş,shan
5003,Ú¨,shan
5004,îÌ,shan
5005,ô®,shan
5006,Ûï,shan
5007,ÉÏ,shang
5008,ÉË,shang
5009,ÉĞ,shang
5010,ÉÌ,shang
5011,ÉÍ,shang
5012,ÉÎ,shang
5013,ÉÊ,shang
5014,ÌÀ,shang
5015,ÉÑ,shang
5016,ÉÑ,chang
5017,ìØ,shang
5018,õü,shang
5019,ç´,shang
5020,éä,shang
5021,Ûğ,shang
5022,ÉÙ,shao
5023,ÉÕ,shao
5024,ÉÓ,shao
5025,ÉÚ,shao
5026,É×,shao
5027,ÉÒ,shao
5028,ÉÒ,sao
5029,ÉÔ,shao
5030,ÉÛ,shao
5031,ÉØ,shao
5032,ÉÜ,shao
5033,ÉÖ,shao
5034,ÕÙ,shao
5035,ÇÊ,shao
5036,ÇÊ,qiao
5037,Üæ,shao
5038,Û¿,shao
5039,äû,shao
5040,ô¹,shao
5041,òÙ,shao
5042,óâ,shao
5043,Éç,she
5044,Éä,she
5045,Éß,she
5046,Éè,she
5047,Éà,she
5048,Éã,she
5049,Éá,she
5050,ÕÛ,she
5051,Éæ,she
5052,ÉŞ,she
5053,Éâ,she
5054,Éå,she
5055,Éİ,she
5056,ì¨,she
5057,ØÇ,she
5058,î´,she
5059,â¦,she
5060,÷ê,she
5061,äÜ,she
5062,ÙÜ,she
5063,Ë­,shei
5064,Éí,shen
5065,Éì,shen
5066,Éî,shen
5067,Éô,shen
5068,Éñ,shen
5069,Éõ,shen
5070,Éø,shen
5071,Éö,shen
5072,Éó,shen
5073,Éê,shen
5074,Éò,shen
5075,Éğ,shen
5076,Éë,shen
5077,²Î,shen
5078,²Î,can
5079,Éé,shen
5080,Ê²,shen
5081,Éï,shen
5082,É÷,shen
5083,İØ,shen
5084,İØ,ren
5085,ôÖ,shen
5086,ôÖ,san
5087,İ·,shen
5088,Ú·,shen
5089,ÚÅ,shen
5090,ïò,shen
5091,é©,shen
5092,äÉ,shen
5093,ò×,shen
5094,ßÓ,shen
5095,ëÏ,shen
5096,Éù,sheng
5097,Ê¡,sheng
5098,Ê£,sheng
5099,Éú,sheng
5100,Éı,sheng
5101,Éş,sheng
5102,Ê¤,sheng
5103,Ê¢,sheng
5104,Ê¢,cheng
5105,Ê¥,sheng
5106,Éû,sheng
5107,Éü,sheng
5108,³Ë,sheng
5109,³Ë,cheng
5110,êÉ,sheng
5111,êÉ,cheng
5112,äÅ,sheng
5113,äÅ,mian
5114,íò,sheng
5115,óÏ,sheng
5116,áÓ,sheng
5117,ÊÇ,shi
5118,Ê¹,shi
5119,Ê®,shi
5120,Ê±,shi
5121,ÊÂ,shi
5122,ÊÒ,shi
5123,ÊĞ,shi
5124,ÊĞ,fu
5125,Ê¯,shi
5126,Ê¯,dan
5127,Ê¦,shi
5128,ÊÔ,shi
5129,Ê·,shi
5130,Ê½,shi
5131,Ê¶,shi
5132,Ê­,shi
5133,Ê¸,shi
5134,Ê°,shi
5135,Êº,shi
5136,Ê»,shi
5137,Ê¼,shi
5138,ËÆ,shi
5139,Ğê,shi
5140,Ê¾,shi
5141,Ê¿,shi
5142,ÊÀ,shi
5143,ÊÁ,shi
5144,³×,shi
5145,³×,chi
5146,ÊÃ,shi
5147,ÊÄ,shi
5148,ÊÅ,shi
5149,ÊÆ,shi
5150,Ê²,shi
5151,Ê²,shen
5152,Ö³,shi
5153,ÖÅ,shi
5154,ÊÈ,shi
5155,ÊÉ,shi
5156,Ê§,shi
5157,ÊÊ,shi
5158,ÊÊ,kuo
5159,ÊË,shi
5160,ÊÌ,shi
5161,ÊÍ,shi
5162,ÊÎ,shi
5163,ÊÏ,shi
5164,Ê¨,shi
5165,Ê³,shi
5166,ÊÑ,shi
5167,Ê´,shi
5168,ÊÓ,shi
5169,Êµ,shi
5170,Ê©,shi
5171,Êª,shi
5172,Ê«,shi
5173,Ê¬,shi
5174,õ¹,shi
5175,İª,shi
5176,Ûõ,shi
5177,îæ,shi
5178,óÂ,shi
5179,öå,shi
5180,öõ,shi
5181,êÛ,shi
5182,éø,shi
5183,İé,shi
5184,óß,shi
5185,ìÂ,shi
5186,ÚÖ,shi
5187,ß±,shi
5188,õ§,shi
5189,õ§,shai
5190,ó§,shi
5191,ÊÖ,shou
5192,ÊÜ,shou
5193,ÊÕ,shou
5194,Ê×,shou
5195,ÊØ,shou
5196,Êİ,shou
5197,ÊÚ,shou
5198,ÊŞ,shou
5199,ÊÛ,shou
5200,Êì,shou
5201,ÊÙ,shou
5202,ô¼,shou
5203,á÷,shou
5204,ç·,shou
5205,Êé,shu
5206,Ê÷,shu
5207,Êı,shu
5208,Êì,shu
5209,Êì,shou
5210,Êä,shu
5211,Êá,shu
5212,Êå,shu
5213,Êô,shu
5214,Êø,shu
5215,Êõ,shu
5216,Êö,shu
5217,Êñ,shu
5218,Êò,shu
5219,Êó,shu
5220,Êç,shu
5221,Êê,shu
5222,Êë,shu
5223,Êß,shu
5224,Êè,shu
5225,Êù,shu
5226,Êú,shu
5227,Êû,shu
5228,Êü,shu
5229,Êí,shu
5230,Êş,shu
5231,Ë¡,shu
5232,Êà,shu
5233,Êî,shu
5234,Êâ,shu
5235,Êã,shu
5236,Êï,shu
5237,Êğ,shu
5238,Êæ,shu
5239,æ­,shu
5240,Şó,shu
5241,ïø,shu
5242,ç£,shu
5243,ãğ,shu
5244,ë¨,shu
5245,ëò,shu
5246,ÛÓ,shu
5247,İÄ,shu
5248,ì¯,shu
5249,äø,shu
5250,Ù¿,shu
5251,Ë¢,shua
5252,Ë£,shua
5253,à§,shua
5254,Ë¤,shuai
5255,Ë¦,shuai
5256,ÂÊ,shuai
5257,ÂÊ,lv
5258,Ë§,shuai
5259,Ë¥,shuai
5260,Ë¥,cui
5261,ó°,shuai
5262,Ë¨,shuan
5263,Ë©,shuan
5264,ãÅ,shuan
5265,äÌ,shuan
5266,Ë«,shuang
5267,Ëª,shuang
5268,Ë¬,shuang
5269,ãñ,shuang
5270,ãñ,long
5271,æ×,shuang
5272,Ë®,shui
5273,Ë­,shui
5274,Ë­,shei
5275,Ë¯,shui
5276,Ë°,shui
5277,Ëµ,shui
5278,Ë³,shun
5279,Ë±,shun
5280,Ë²,shun
5281,Ë´,shun
5282,Ëµ,shuo
5283,Ëµ,shui
5284,Êı,shuo
5285,Êı,shu
5286,Ë¶,shuo
5287,Ë¸,shuo
5288,Ë·,shuo
5289,Ş÷,shuo
5290,åù,shuo
5291,éÃ,shuo
5292,İô,shuo
5293,îå,shuo
5294,ËÄ,si
5295,ËÀ,si
5296,Ë¿,si
5297,Ëº,si
5298,ËÆ,si
5299,ËÆ,shi
5300,Ë½,si
5301,Ë»,si
5302,Ë¼,si
5303,Ë¼,sai
5304,ËÂ,si
5305,Ë¾,si
5306,Ë¹,si
5307,Ê³,si
5308,Ê³,shi
5309,ËÅ,si
5310,ËÅ,ci
5311,²Ş,si
5312,²Ş,ce
5313,ËÁ,si
5314,ËÇ,si
5315,ËÃ,si
5316,ËÈ,si
5317,ñê,si
5318,æá,si
5319,Ùî,si
5320,òÏ,si
5321,ØË,si
5322,ãá,si
5323,ïÈ,si
5324,ãô,si
5325,óÓ,si
5326,ßĞ,si
5327,ğ¸,si
5328,æ¦,si
5329,ÛÌ,si
5330,çÁ,si
5331,ìë,si
5332,äù,si
5333,Ù¹,si
5334,Ù¹,qi
5335,ËÍ,song
5336,ËÉ,song
5337,ËÊ,song
5338,ËÎ,song
5339,ËÌ,song
5340,ËĞ,song
5341,ËË,song
5342,ËÏ,song
5343,ñµ,song
5344,İ¿,song
5345,äÁ,song
5346,ã¤,song
5347,áÔ,song
5348,Ú¡,song
5349,áÂ,song
5350,âì,song
5351,ËÒ,sou
5352,ËÑ,sou
5353,ËÓ,sou
5354,ËÔ,sou
5355,àÕ,sou
5356,à²,sou
5357,ì¬,sou
5358,ÛÅ,sou
5359,Ş´,sou
5360,ïË,sou
5361,âÈ,sou
5362,î¤,sou
5363,äÑ,sou
5364,òô,sou
5365,ËØ,su
5366,ËÙ,su
5367,Ëß,su
5368,ËÜ,su
5369,ËŞ,su
5370,Ë×,su
5371,ËÕ,su
5372,Ëà,su
5373,ËÚ,su
5374,ËÖ,su
5375,Ëõ,su
5376,Ëİ,su
5377,ËÛ,su
5378,ãº,su
5379,óù,su
5380,ö¢,su
5381,öÕ,su
5382,Ùí,su
5383,à¼,su
5384,ÚÕ,su
5385,İø,su
5386,ä³,su
5387,Ëá,suan
5388,Ëã,suan
5389,Ëâ,suan
5390,â¡,suan
5391,Ëê,sui
5392,Ëæ,sui
5393,Ëé,sui
5394,Ëä,sui
5395,Ëë,sui
5396,Ëì,sui
5397,Äò,sui
5398,Äò,niao
5399,Ëå,sui
5400,Ëè,sui
5401,Ëç,sui
5402,Ëí,sui
5403,Ëî,sui
5404,íõ,sui
5405,ÚÇ,sui
5406,å¡,sui
5407,åä,sui
5408,ìİ,sui
5409,İ´,sui
5410,î¡,sui
5411,Ëï,sun
5412,Ëğ,sun
5413,Ëñ,sun
5414,é¾,sun
5415,İ¥,sun
5416,â¸,sun
5417,áø,sun
5418,öÀ,sun
5419,Ëù,suo
5420,Ëõ,suo
5421,Ëõ,su
5422,Ëø,suo
5423,Ëö,suo
5424,Ë÷,suo
5425,Ëó,suo
5426,Ëò,suo
5427,É¯,suo
5428,É¯,sha
5429,Ëô,suo
5430,êı,suo
5431,êı,sa
5432,íü,suo
5433,àÊ,suo
5434,ßï,suo
5435,èø,suo
5436,àÂ,suo
5437,æ¶,suo
5438,ôÈ,suo
5439,Ëû,ta
5440,Ëı,ta
5441,Ëü,ta
5442,Ì¤,ta
5443,Ëş,ta
5444,Ëş,da
5445,Ëú,ta
5446,ÍØ,ta
5447,Ì¡,ta
5448,Ì¢,ta
5449,Ì£,ta
5450,äâ,ta
5451,õÁ,ta
5452,÷£,ta
5453,í³,ta
5454,í³,da
5455,é½,ta
5456,äğ,ta
5457,äğ,luo
5458,åİ,ta
5459,îè,ta
5460,ãË,ta
5461,àª,ta
5462,àª,da
5463,Ì«,tai
5464,Ì§,tai
5465,Ì¨,tai
5466,Ì¬,tai
5467,Ì¥,tai
5468,Ì¦,tai
5469,Ì©,tai
5470,Ìª,tai
5471,Ì­,tai
5472,ìÆ,tai
5473,ëÄ,tai
5474,õÌ,tai
5475,ß¾,tai
5476,ß¾,dai
5477,öØ,tai
5478,îÑ,tai
5479,Ş·,tai
5480,Û¢,tai
5481,ææ,tai
5482,ææ,dai
5483,Ì¸,tan
5484,Ì¾,tan
5485,Ì½,tan
5486,Ì²,tan
5487,µ¯,tan
5488,µ¯,dan
5489,Ì¼,tan
5490,Ì¯,tan
5491,Ì¶,tan
5492,Ì°,tan
5493,Ì³,tan
5494,Ìµ,tan
5495,Ìº,tan
5496,Ì¹,tan
5497,Ì¿,tan
5498,Ì±,tan
5499,Ì·,tan
5500,Ì®,tan
5501,Ì´,tan
5502,Ì»,tan
5503,îã,tan
5504,Û°,tan
5505,ïâ,tan
5506,ïâ,chan
5507,ïÄ,tan
5508,ñû,tan
5509,ñû,qin
5510,å£,tan
5511,å£,dan
5512,ê¼,tan
5513,ìş,tan
5514,ÌÉ,tang
5515,ÌË,tang
5516,ÌÃ,tang
5517,ÌÇ,tang
5518,ÌÀ,tang
5519,ÌÀ,shang
5520,ÌÁ,tang
5521,ÌÌ,tang
5522,ÌÈ,tang
5523,ÌÊ,tang
5524,ÌÆ,tang
5525,ÌÂ,tang
5526,ÌÄ,tang
5527,ÌÅ,tang
5528,ó«,tang
5529,éÌ,tang
5530,ôÊ,tang
5531,õ±,tang
5532,è©,tang
5533,ïÛ,tang
5534,ÙÎ,tang
5535,â¼,tang
5536,äç,tang
5537,ñí,tang
5538,àû,tang
5539,ï¦,tang
5540,ó¥,tang
5541,Ì×,tao
5542,ÌÍ,tao
5543,ÌÓ,tao
5544,ÌÒ,tao
5545,ÌÖ,tao
5546,ÌÔ,tao
5547,ÌÎ,tao
5548,ÌÏ,tao
5549,ÌÕ,tao
5550,ÌĞ,tao
5551,ÌÑ,tao
5552,Ø»,tao
5553,ä¬,tao
5554,ìâ,tao
5555,ìâ,dao
5556,ßû,tao
5557,÷Ò,tao
5558,èº,tao
5559,ß¶,tao
5560,ß¶,dao
5561,ÌØ,te
5562,í«,te
5563,ï«,te
5564,ìı,te
5565,ß¯,te
5566,ß¯,tei
5567,ß¯,te
5568,ÌÛ,teng
5569,ÌÚ,teng
5570,ÌÙ,teng
5571,ÌÜ,teng
5572,ëø,teng
5573,Ìá,ti
5574,Ìá,di
5575,Ìæ,ti
5576,Ìå,ti
5577,Ìâ,ti
5578,Ìß,ti
5579,Ìã,ti
5580,Ìê,ti
5581,ÌŞ,ti
5582,Ìİ,ti
5583,Ìà,ti
5584,Ìä,ti
5585,Ìé,ti
5586,Ìç,ti
5587,Ìè,ti
5588,Ìë,ti
5589,õ®,ti
5590,ğÃ,ti
5591,ç°,ti
5592,ç¾,ti
5593,ÙÃ,ti
5594,ñÓ,ti
5595,åÑ,ti
5596,Üè,ti
5597,ã©,ti
5598,Ìì,tian
5599,Ìï,tian
5600,Ìí,tian
5601,Ìî,tian
5602,Ìğ,tian
5603,Ìò,tian
5604,Ìñ,tian
5605,Ìó,tian
5606,µè,tian
5607,µè,dian
5608,Şİ,tian
5609,îä,tian
5610,îä,dian
5611,ãÙ,tian
5612,ãÃ,tian
5613,éå,tian
5614,î±,tian
5615,Ìõ,tiao
5616,Ìø,tiao
5617,Ìô,tiao
5618,µ÷,tiao
5619,µ÷,diao
5620,Ìö,tiao
5621,Ì÷,tiao
5622,ö¶,tiao
5623,óÔ,tiao
5624,ìö,tiao
5625,òè,tiao
5626,÷Ø,tiao
5627,Ù¬,tiao
5628,ñ»,tiao
5629,öæ,tiao
5630,Üæ,tiao
5631,Üæ,shao
5632,ôĞ,tiao
5633,Ìú,tie
5634,Ìù,tie
5635,Ìû,tie
5636,İÆ,tie
5637,÷Ñ,tie
5638,Ìı,ting
5639,Í£,ting
5640,Í¦,ting
5641,Ìü,ting
5642,Í¤,ting
5643,Í§,ting
5644,Í¥,ting
5645,Í¢,ting
5646,Ìş,ting
5647,Í¡,ting
5648,î®,ting
5649,î®,ding
5650,Üğ,ting
5651,îú,ting
5652,îú,ding
5653,İã,ting
5654,æÃ,ting
5655,òÑ,ting
5656,èè,ting
5657,öª,ting
5658,Í¬,tong
5659,Í¨,tong
5660,Í´,tong
5661,Í­,tong
5662,Í°,tong
5663,Í²,tong
5664,Í±,tong
5665,Í³,tong
5666,Í¯,tong
5667,Í®,tong
5668,Í©,tong
5669,Í«,tong
5670,¶²,tong
5671,¶²,dong
5672,¶±,tong
5673,¶±,dong
5674,Íª,tong
5675,äü,tong
5676,Üí,tong
5677,ÙÚ,tong
5678,íÅ,tong
5679,á¼,tong
5680,á¼,dong
5681,âú,tong
5682,Ù¡,tong
5683,àÌ,tong
5684,Ûí,tong
5685,Ûí,dong
5686,Í·,tou
5687,Íµ,tou
5688,Í¸,tou
5689,Í¶,tou
5690,î×,tou
5691,÷»,tou
5692,ÍÁ,tu
5693,Í¼,tu
5694,ÍÃ,tu
5695,Í¿,tu
5696,ÍÂ,tu
5697,Íº,tu
5698,Í»,tu
5699,Í½,tu
5700,Í¹,tu
5701,Í¾,tu
5702,ÍÀ,tu
5703,õ©,tu
5704,İ±,tu
5705,îÊ,tu
5706,İË,tu
5707,Ü¢,tu
5708,ÍÅ,tuan
5709,ÍÄ,tuan
5710,î¶,tuan
5711,ŞÒ,tuan
5712,åè,tuan
5713,ÍÈ,tui
5714,ÍÆ,tui
5715,ÍË,tui
5716,ÍÊ,tui
5717,ÍÇ,tui
5718,ÍÉ,tui
5719,ìÕ,tui
5720,ß¯,tui
5721,ß¯,te
5722,ÍÌ,tun
5723,ÍÍ,tun
5724,ÍÊ,tun
5725,ÍÊ,tui
5726,ÍÎ,tun
5727,¶Ú,tun
5728,¶Ú,dun
5729,ÙÛ,tun
5730,â½,tun
5731,ëà,tun
5732,êÕ,tun
5733,ÍÏ,tuo
5734,ÍÑ,tuo
5735,ÍĞ,tuo
5736,Í×,tuo
5737,ÍÔ,tuo
5738,ÍÔ,duo
5739,ÍØ,tuo
5740,ÍØ,ta
5741,ÍÕ,tuo
5742,ÍÖ,tuo
5743,ÍÙ,tuo
5744,ÍÒ,tuo
5745,ÍÓ,tuo
5746,ÆÇ,tuo
5747,ÆÇ,bo
5748,éÒ,tuo
5749,èØ,tuo
5750,õÉ,tuo
5751,Ø±,tuo
5752,Ûç,tuo
5753,Ù¢,tuo
5754,âÕ,tuo
5755,õ¢,tuo
5756,èŞ,tuo
5757,ö¾,tuo
5758,ãû,tuo
5759,óê,tuo
5760,íÈ,tuo
5761,ÍÚ,wa
5762,Íß,wa
5763,ÍÜ,wa
5764,ÍÛ,wa
5765,ÍŞ,wa
5766,Íİ,wa
5767,°¼,wa
5768,°¼,ao
5769,Íà,wa
5770,Øô,wa
5771,æ´,wa
5772,ëğ,wa
5773,Íâ,wai
5774,Íá,wai
5775,áË,wai
5776,Íê,wan
5777,Íò,wan
5778,Íò,mo
5779,Íí,wan
5780,Íë,wan
5781,Íæ,wan
5782,Íä,wan
5783,Íì,wan
5784,Íå,wan
5785,Íè,wan
5786,Íó,wan
5787,Íğ,wan
5788,Íñ,wan
5789,Íé,wan
5790,Íç,wan
5791,Íã,wan
5792,Íï,wan
5793,Ãä,wan
5794,Ãä,mian
5795,Íî,wan
5796,Âû,wan
5797,Âû,man
5798,İ¸,wan
5799,İ¸,guan
5800,ëä,wan
5801,òê,wan
5802,çº,wan
5803,Ü¹,wan
5804,çş,wan
5805,æı,wan
5806,Øà,wan
5807,îµ,wan
5808,İÒ,wan
5809,Íû,wang
5810,Íü,wang
5811,Íõ,wang
5812,Íù,wang
5813,Íø,wang
5814,Íö,wang
5815,Í÷,wang
5816,Íú,wang
5817,Íô,wang
5818,Íı,wang
5819,Ã¢,wang
5820,Ã¢,mang
5821,éş,wang
5822,÷Í,wang
5823,ã¯,wang
5824,Øè,wang
5825,Îª,wei
5826,Î»,wei
5827,Î´,wei
5828,Î§,wei
5829,Î¹,wei
5830,Î¸,wei
5831,Î¢,wei
5832,Î¶,wei
5833,Î²,wei
5834,Î±,wei
5835,Íş,wei
5836,Î°,wei
5837,ÎÀ,wei
5838,Î£,wei
5839,Î¥,wei
5840,Î¯,wei
5841,Îº,wei
5842,Î¨,wei
5843,Î¬,wei
5844,Î·,wei
5845,Î©,wei
5846,Î¤,wei
5847,Î¡,wei
5848,Îµ,wei
5849,Î½,wei
5850,Î¾,wei
5851,Î«,wei
5852,Î³,wei
5853,Î¿,wei
5854,Î¦,wei
5855,Î®,wei
5856,Î­,wei
5857,Î¼,wei
5858,ÒÅ,wei
5859,İÚ,wei
5860,àø,wei
5861,ôº,wei
5862,öÛ,wei
5863,æ¸,wei
5864,åÔ,wei
5865,ãÇ,wei
5866,Úñ,wei
5867,ãí,wei
5868,çâ,wei
5869,ä¶,wei
5870,á¡,wei
5871,áË,wei
5872,áË,wai
5873,Úó,wei
5874,Úó,kui
5875,ÚÃ,wei
5876,ä¢,wei
5877,ÙË,wei
5878,â«,wei
5879,â¬,wei
5880,áÍ,wei
5881,ê¦,wei
5882,è¸,wei
5883,ì¿,wei
5884,ìĞ,wei
5885,Û×,wei
5886,Ş±,wei
5887,ğô,wei
5888,ÎÊ,wen
5889,ÎÄ,wen
5890,ÎÅ,wen
5891,ÎÈ,wen
5892,ÎÂ,wen
5893,ÎÇ,wen
5894,ÎÃ,wen
5895,ÎÆ,wen
5896,ÎÁ,wen
5897,ÎÉ,wen
5898,ãë,wen
5899,ãÓ,wen
5900,ØØ,wen
5901,ö©,wen
5902,è·,wen
5903,ÎÌ,weng
5904,ÎË,weng
5905,ÎÍ,weng
5906,Ş³,weng
5907,İî,weng
5908,ÎÒ,wo
5909,ÎÕ,wo
5910,ÎÑ,wo
5911,ÎÔ,wo
5912,ÎÎ,wo
5913,ÎÖ,wo
5914,ÎÏ,wo
5915,ÎĞ,wo
5916,ÎĞ,guo
5917,ÎÓ,wo
5918,ÙÁ,wo
5919,á¢,wo
5920,ö»,wo
5921,ë¿,wo
5922,İ«,wo
5923,à¸,wo
5924,à¸,o
5925,ä×,wo
5926,íÒ,wo
5927,ÎŞ,wu
5928,ÎŞ,mo
5929,Îå,wu
5930,Îİ,wu
5931,Îï,wu
5932,Îè,wu
5933,Îí,wu
5934,Îó,wu
5935,Îæ,wu
5936,ÎÛ,wu
5937,Îò,wu
5938,Îğ,wu
5939,ÎÙ,wu
5940,Îä,wu
5941,Îì,wu
5942,Îñ,wu
5943,ÎØ,wu
5944,Îé,wu
5945,Îâ,wu
5946,Îç,wu
5947,Îá,wu
5948,Îê,wu
5949,ÎÚ,wu
5950,Îã,wu
5951,¶ñ,wu
5952,¶ñ,e
5953,ÎÜ,wu
5954,Îß,wu
5955,Î×,wu
5956,Îî,wu
5957,Îà,wu
5958,Îë,wu
5959,åü,wu
5960,òÚ,wu
5961,êõ,wu
5962,å»,wu
5963,Ø£,wu
5964,âä,wu
5965,Úã,wu
5966,Úù,wu
5967,ßí,wu
5968,âè,wu
5969,æğ,wu
5970,ì¶,wu
5971,öÈ,wu
5972,Øõ,wu
5973,è»,wu
5974,ğÍ,wu
5975,æÄ,wu
5976,åÃ,wu
5977,ğí,wu
5978,ÜÌ,wu
5979,ìÉ,wu
5980,âĞ,wu
5981,ğÄ,wu
5982,÷ù,wu
5983,ä´,wu
5984,ÛØ,wu
5985,Î÷,xi
5986,Ï´,xi
5987,Ï¸,xi
5988,Îü,xi
5989,Ï·,xi
5990,Ï·,hu
5991,Ïµ,xi
5992,Ïµ,ji
5993,Ï²,xi
5994,Ï¯,xi
5995,Ï¡,xi
5996,Ïª,xi
5997,Ï¨,xi
5998,Îı,xi
5999,Ï¥,xi
6000,Ï¢,xi
6001,Ï®,xi
6002,Ï§,xi
6003,Ï°,xi
6004,Îû,xi
6005,Ï¦,xi
6006,Ï¤,xi
6007,Îù,xi
6008,Îõ,xi
6009,Ï£,xi
6010,Ï­,xi
6011,Îş,xi
6012,Îú,xi
6013,Îô,xi
6014,Ï±,xi
6015,Îø,xi
6016,Ï³,xi
6017,Ï©,xi
6018,À°,xi
6019,À°,la
6020,Îö,xi
6021,Ï¶,xi
6022,ÆÜ,xi
6023,ÆÜ,qi
6024,Ï«,xi
6025,Ï¬,xi
6026,òá,xi
6027,ŞÉ,xi
6028,ä»,xi
6029,İß,xi
6030,â¾,xi
6031,åï,xi
6032,çô,xi
6033,æÒ,xi
6034,ìù,xi
6035,Ùâ,xi
6036,ôâ,xi
6037,ñ¶,xi
6038,ìû,xi
6039,ÙÒ,xi
6040,äÀ,xi
6041,İû,xi
6042,ô¸,xi
6043,õè,xi
6044,õè,qi
6045,õµ,xi
6046,Û­,xi
6047,ì¤,xi
6048,ğª,xi
6049,ó¬,xi
6050,ôË,xi
6051,Üç,xi
6052,Üç,qian
6053,áã,xi
6054,Úô,xi
6055,ßñ,xi
6056,êØ,xi
6057,ó£,xi
6058,ì¨,xi
6059,ì¨,she
6060,éØ,xi
6061,ãÒ,xi
6062,ôÑ,xi
6063,ìä,xi
6064,êê,xi
6065,İ¾,xi
6066,÷û,xi
6067,ñÓ,xi
6068,ñÓ,ti
6069,ôª,xi
6070,ÏÂ,xia
6071,ÏÅ,xia
6072,ÏÅ,he
6073,ÏÄ,xia
6074,Ï¿,xia
6075,Ïº,xia
6076,Ïº,ha
6077,Ï¹,xia
6078,Ï¼,xia
6079,ÏÁ,xia
6080,Ï»,xia
6081,ÏÀ,xia
6082,Ï½,xia
6083,ÏÃ,xia
6084,ÏÃ,sha
6085,Ï¾,xia
6086,»£,xia
6087,»£,hu
6088,áò,xia
6089,èÔ,xia
6090,ßÈ,xia
6091,ßÈ,ga
6092,÷ï,xia
6093,íÌ,xia
6094,óÁ,xia
6095,åÚ,xia
6096,è¦,xia
6097,ÏÈ,xian
6098,Ïß,xian
6099,ÏØ,xian
6100,ÏÖ,xian
6101,ÏÔ,xian
6102,ÏÆ,xian
6103,ÏĞ,xian
6104,Ï×,xian
6105,ÏÓ,xian
6106,Ïİ,xian
6107,ÏÕ,xian
6108,ÏÊ,xian
6109,ÏÒ,xian
6110,ÏÎ,xian
6111,ÏÚ,xian
6112,ÏŞ,xian
6113,ÏÌ,xian
6114,ÏÇ,xian
6115,ÏÉ,xian
6116,ÏÙ,xian
6117,ÏÍ,xian
6118,ÏË,xian
6119,ÏË,qian
6120,ÏÜ,xian
6121,ÏÏ,xian
6122,ÏÑ,xian
6123,ÏÛ,xian
6124,Ï³,xian
6125,Ï³,xi
6126,¼û,xian
6127,¼û,jian
6128,ÜÈ,xian
6129,Şº,xian
6130,á­,xian
6131,ğï,xian
6132,İ²,xian
6133,ôÌ,xian
6134,æµ,xian
6135,ò¹,xian
6136,áı,xian
6137,ìì,xian
6138,Ùş,xian
6139,ìŞ,xian
6140,õĞ,xian
6141,õÑ,xian
6142,õ£,xian
6143,åß,xian
6144,ë¯,xian
6145,ğÂ,xian
6146,óÚ,xian
6147,ö±,xian
6148,ö±,san
6149,Ïë,xiang
6150,Ïò,xiang
6151,Ïó,xiang
6152,Ïî,xiang
6153,Ïì,xiang
6154,Ïã,xiang
6155,Ïç,xiang
6156,Ïà,xiang
6157,Ïñ,xiang
6158,Ïä,xiang
6159,Ïï,xiang
6160,Ïï,hang
6161,Ïí,xiang
6162,Ïâ,xiang
6163,Ïá,xiang
6164,½µ,xiang
6165,½µ,jiang
6166,Ïè,xiang
6167,Ïé,xiang
6168,Ïğ,xiang
6169,Ïê,xiang
6170,Ïæ,xiang
6171,Ïå,xiang
6172,÷Ï,xiang
6173,öß,xiang
6174,æø,xiang
6175,ó­,xiang
6176,âÔ,xiang
6177,Ü¼,xiang
6178,âÃ,xiang
6179,ç½,xiang
6180,İÙ,xiang
6181,Ğ¡,xiao
6182,Ğ¦,xiao
6183,Ïû,xiao
6184,Ï÷,xiao
6185,Ïú,xiao
6186,Ïô,xiao
6187,Ğ§,xiao
6188,Ïü,xiao
6189,Ïş,xiao
6190,Ğ¤,xiao
6191,Ğ¢,xiao
6192,Ïõ,xiao
6193,Ïı,xiao
6194,Ğ¥,xiao
6195,Ïö,xiao
6196,Ïø,xiao
6197,Ïù,xiao
6198,Ïù,ao
6199,Ğ£,xiao
6200,Ğ£,jiao
6201,÷Ì,xiao
6202,òÙ,xiao
6203,òÙ,shao
6204,æç,xiao
6205,èÕ,xiao
6206,ßØ,xiao
6207,áÅ,xiao
6208,óã,xiao
6209,äì,xiao
6210,åĞ,xiao
6211,èÉ,xiao
6212,ç¯,xiao
6213,óï,xiao
6214,Ğ´,xie
6215,Ğ©,xie
6216,Ğ¬,xie
6217,Ğª,xie
6218,Ğ±,xie
6219,Ñª,xie
6220,Ğ»,xie
6221,Ğ¶,xie
6222,Ğ®,xie
6223,Ğ¼,xie
6224,Ğ·,xie
6225,Ğº,xie
6226,Ğ¸,xie
6227,Ğ¹,xie
6228,Ğ¨,xie
6229,Ğ°,xie
6230,Ğ­,xie
6231,Ğµ,xie
6232,Ğ³,xie
6233,Ğ«,xie
6234,Ğ¯,xie
6235,Ğ²,xie
6236,½â,xie
6237,½â,jie
6238,Æõ,xie
6239,Æõ,qi
6240,Ò¶,xie
6241,ç¥,xie
6242,ò¡,xie
6243,ò¡,jie
6244,çÓ,xie
6245,â³,xie
6246,é¿,xie
6247,âİ,xie
6248,ß¢,xie
6249,ÙÉ,xie
6250,å¬,xie
6251,äÍ,xie
6252,Ùô,xie
6253,éÇ,xie
6254,åâ,xie
6255,Ş¯,xie
6256,õó,xie
6257,ÛÆ,xie
6258,ÛÄ,xie
6259,ĞÂ,xin
6260,ĞÄ,xin
6261,ĞÀ,xin
6262,ĞÅ,xin
6263,Ğ¾,xin
6264,Ğ½,xin
6265,Ğ¿,xin
6266,ĞÁ,xin
6267,Ñ°,xin
6268,ĞÆ,xin
6269,ĞÃ,xin
6270,ì§,xin
6271,Ø¶,xin
6272,İ·,xin
6273,İ·,shen
6274,ïâ,xin
6275,ïâ,chan
6276,Ü°,xin
6277,öÎ,xin
6278,ê¿,xin
6279,ĞÔ,xing
6280,ĞĞ,xing
6281,ĞĞ,hang
6282,ĞÍ,xing
6283,ĞÎ,xing
6284,ĞÇ,xing
6285,ĞÑ,xing
6286,ĞÕ,xing
6287,ĞÈ,xing
6288,ĞÌ,xing
6289,ĞÓ,xing
6290,ĞË,xing
6291,ĞÒ,xing
6292,ĞÏ,xing
6293,ĞÉ,xing
6294,ĞÊ,xing
6295,Ê¡,xing
6296,Ê¡,sheng
6297,íÊ,xing
6298,ã¬,xing
6299,Üş,xing
6300,Úê,xing
6301,ß©,xing
6302,Üô,xing
6303,ĞØ,xiong
6304,ĞÛ,xiong
6305,Ğ×,xiong
6306,ĞÖ,xiong
6307,ĞÜ,xiong
6308,ĞÚ,xiong
6309,ĞÙ,xiong
6310,Üº,xiong
6311,ĞŞ,xiu
6312,Ğâ,xiu
6313,Ğå,xiu
6314,Ğİ,xiu
6315,Ğß,xiu
6316,ËŞ,xiu
6317,ËŞ,su
6318,Ğá,xiu
6319,Ğä,xiu
6320,Ğã,xiu
6321,Ğà,xiu
6322,³ô,xiu
6323,³ô,chou
6324,äå,xiu
6325,õ÷,xiu
6326,âÊ,xiu
6327,÷Û,xiu
6328,ğ¼,xiu
6329,ßİ,xiu
6330,âÓ,xiu
6331,á¶,xiu
6332,Ğí,xu
6333,Ğë,xu
6334,Ğè,xu
6335,Ğé,xu
6336,Ğê,xu
6337,Ğê,shi
6338,Ğî,xu
6339,Ğø,xu
6340,Ğò,xu
6341,Ğğ,xu
6342,Ğó,xu
6343,Ğó,chu
6344,Ğõ,xu
6345,Ğö,xu
6346,Ğç,xu
6347,Ğç,qu
6348,Ğì,xu
6349,Ğñ,xu
6350,Ğ÷,xu
6351,Óõ,xu
6352,Ğï,xu
6353,Ğô,xu
6354,Ğæ,xu
6355,ôÚ,xu
6356,ÛÃ,xu
6357,èò,xu
6358,ä°,xu
6359,ä°,hu
6360,Ş£,xu
6361,çï,xu
6362,Û×,xu
6363,Û×,wei
6364,äª,xu
6365,ñã,xu
6366,õ¯,xu
6367,Ú¼,xu
6368,äÓ,xu
6369,ìã,xu
6370,íì,xu
6371,í¹,xu
6372,í¹,hua
6373,Ñ¡,xuan
6374,Ğü,xuan
6375,Ğı,xuan
6376,Ğş,xuan
6377,Ğû,xuan
6378,Ğú,xuan
6379,Ğù,xuan
6380,Ñ¤,xuan
6381,Ñ£,xuan
6382,Ñ¢,xuan
6383,È¯,xuan
6384,È¯,quan
6385,êÑ,xuan
6386,é¸,xuan
6387,ÙØ,xuan
6388,äÖ,xuan
6389,äö,xuan
6390,ãù,xuan
6391,îç,xuan
6392,è¯,xuan
6393,ìÓ,xuan
6394,íÛ,xuan
6395,ïà,xuan
6396,ìÅ,xuan
6397,Şï,xuan
6398,İæ,xuan
6399,ğç,xuan
6400,ÚÎ,xuan
6401,Ñ§,xue
6402,Ñ©,xue
6403,Ñª,xue
6404,Ñª,xie
6405,Ñ¥,xue
6406,Ñ¨,xue
6407,Ï÷,xue
6408,Ï÷,xiao
6409,Ñ¦,xue
6410,õ½,xue
6411,àå,xue
6412,àå,jue
6413,÷¨,xue
6414,í´,xue
6415,Ñ°,xun
6416,Ñ°,xin
6417,Ñ¶,xun
6418,Ñ¬,xun
6419,Ñµ,xun
6420,Ñ­,xun
6421,Ñ³,xun
6422,Ñ®,xun
6423,Ñ²,xun
6424,Ñ¸,xun
6425,Ñ±,xun
6426,Ñ´,xun
6427,Ñ·,xun
6428,Ñ«,xun
6429,»ç,xun
6430,»ç,hun
6431,Ñ¯,xun
6432,¿£,xun
6433,¿£,jun
6434,Ùã,xun
6435,öà,xun
6436,ä±,xun
6437,Û÷,xun
6438,âş,xun
6439,â´,xun
6440,õ¸,xun
6441,ä­,xun
6442,Û¨,xun
6443,Û¨,huan
6444,á¾,xun
6445,Ş¦,xun
6446,Ş¹,xun
6447,Ü÷,xun
6448,ñ¿,xun
6449,êÖ,xun
6450,áß,xun
6451,Ñ½,ya
6452,Ñ¹,ya
6453,ÑÀ,ya
6454,Ñº,ya
6455,Ñ¿,ya
6456,Ñ¼,ya
6457,Ôş,ya
6458,Ôş,ga
6459,ÑÂ,ya
6460,ÑÆ,ya
6461,ÑÇ,ya
6462,ÑÄ,ya
6463,Ñ¾,ya
6464,ÑÅ,ya
6465,ÑÃ,ya
6466,Ñ»,ya
6467,ÑÈ,ya
6468,ÑÁ,ya
6469,Ûë,ya
6470,ñâ,ya
6471,í¼,ya
6472,çğ,ya
6473,èâ,ya
6474,íı,ya
6475,æ«,ya
6476,ğé,ya
6477,á¬,ya
6478,ë²,ya
6479,Øó,ya
6480,åÂ,ya
6481,Şë,ya
6482,ÑÛ,yan
6483,ÑÌ,yan
6484,ÑØ,yan
6485,ÑÎ,yan
6486,ÑÔ,yan
6487,Ñİ,yan
6488,ÑÏ,yan
6489,ÑÊ,yan
6490,ÑÍ,yan
6491,Ñ×,yan
6492,ÑÚ,yan
6493,Ñá,yan
6494,Ñç,yan
6495,ÑÒ,yan
6496,ÑĞ,yan
6497,ÑÓ,yan
6498,Ñß,yan
6499,Ñé,yan
6500,ÑŞ,yan
6501,Òó,yan
6502,ÑË,yan
6503,Ñâ,yan
6504,Ñã,yan
6505,Ñä,yan
6506,Ñå,yan
6507,Ñæ,yan
6508,ÑÑ,yan
6509,ÑÜ,yan
6510,Ñè,yan
6511,Ñà,yan
6512,ÑÕ,yan
6513,ÑÖ,yan
6514,Ç¦,yan
6515,Ç¦,qian
6516,ÑÉ,yan
6517,ÑÙ,yan
6518,Ü¾,yan
6519,ØÉ,yan
6520,ãÕ,yan
6521,ãÕ,e
6522,İÎ,yan
6523,÷Ê,yan
6524,çü,yan
6525,äÙ,yan
6526,ìÍ,yan
6527,ØÍ,yan
6528,óÛ,yan
6529,ëç,yan
6530,ëç,a
6531,Ùğ,yan
6532,Øß,yan
6533,Øß,shan
6534,÷Ğ,yan
6535,âû,yan
6536,î»,yan
6537,éÜ,yan
6538,äÎ,yan
6539,ÙÈ,yan
6540,Úİ,yan
6541,ëÙ,yan
6542,êÌ,yan
6543,ãÆ,yan
6544,Ù²,yan
6545,Û±,yan
6546,õ¦,yan
6547,Û³,yan
6548,åû,yan
6549,÷ú,yan
6550,áÃ,yan
6551,Úç,yan
6552,Úç,dian
6553,æÌ,yan
6554,Ñù,yang
6555,Ñø,yang
6556,Ñò,yang
6557,Ñó,yang
6558,Ñö,yang
6559,Ñï,yang
6560,Ñí,yang
6561,Ñõ,yang
6562,Ñ÷,yang
6563,Ñî,yang
6564,Ñú,yang
6565,Ñô,yang
6566,Ñê,yang
6567,Ñë,yang
6568,Ñì,yang
6569,Ñğ,yang
6570,Ññ,yang
6571,ì¾,yang
6572,í¦,yang
6573,áà,yang
6574,÷±,yang
6575,ãó,yang
6576,òÕ,yang
6577,ìÈ,yang
6578,âó,yang
6579,Òª,yao
6580,Ò¡,yao
6581,Ò©,yao
6582,Ò§,yao
6583,Ñü,yao
6584,Ò¤,yao
6585,Ò¨,yao
6586,Ñû,yao
6587,Ñı,yao
6588,Ò¥,yao
6589,Ò£,yao
6590,Ò¦,yao
6591,Ñş,yao
6592,Ò«,yao
6593,Ò¢,yao
6594,Ô¿,yao
6595,½Ä,yao
6596,½Ä,jiao
6597,ÌÕ,yao
6598,ÌÕ,tao
6599,Ô¼,yao
6600,Å±,yao
6601,Å±,nue
6602,çò,yao
6603,Ø²,yao
6604,÷¥,yao
6605,ğÎ,yao
6606,é÷,yao
6607,Ø³,yao
6608,ßº,yao
6609,ï¢,yao
6610,ï¢,diao
6611,çÛ,yao
6612,áÊ,yao
6613,ëÈ,yao
6614,ê×,yao
6615,áæ,yao
6616,èÃ,yao
6617,ñº,yao
6618,Ò²,ye
6619,Ò¹,ye
6620,Òµ,ye
6621,Ò°,ye
6622,Ò¶,ye
6623,Ò¶,xie
6624,Ò¯,ye
6625,Ò³,ye
6626,Òº,ye
6627,Ò´,ye
6628,Ò¸,ye
6629,Ò±,ye
6630,Ò­,ye
6631,Ò®,ye
6632,ÑÊ,ye
6633,ÑÊ,yan
6634,Ò·,ye
6635,Ò¬,ye
6636,Ğ°,ye
6637,Ğ°,xie
6638,ÚË,ye
6639,Úş,ye
6640,êÊ,ye
6641,ìÇ,ye
6642,ŞŞ,ye
6643,îô,ye
6644,ØÌ,ye
6645,Ò»,yi
6646,ÒÔ,yi
6647,ÒÑ,yi
6648,ÒÚ,yi
6649,ÒÂ,yi
6650,ÒÆ,yi
6651,ÒÀ,yi
6652,Ò×,yi
6653,Ò½,yi
6654,ÒÒ,yi
6655,ÒÇ,yi
6656,Òà,yi
6657,ÒÎ,yi
6658,Òæ,yi
6659,ÒĞ,yi
6660,ÒÌ,yi
6661,Òí,yi
6662,Òë,yi
6663,ÒÁ,yi
6664,Éß,yi
6665,Éß,she
6666,ÒÅ,yi
6667,ÒÅ,wei
6668,Ê³,yi
6669,Ê³,shi
6670,°¬,yi
6671,°¬,ai
6672,ÒÈ,yi
6673,ÒÉ,yi
6674,ÒÊ,yi
6675,ÒË,yi
6676,Òì,yi
6677,ÒÍ,yi
6678,Ò¼,yi
6679,ÒÏ,yi
6680,Òê,yi
6681,Ò¾,yi
6682,Ò¿,yi
6683,ÒÓ,yi
6684,Òî,yi
6685,ÒÕ,yi
6686,ÒÖ,yi
6687,Òï,yi
6688,ÒØ,yi
6689,¶ê,yi
6690,¶ê,e
6691,ÒÙ,yi
6692,ÒÙ,ge
6693,Î²,yi
6694,Î²,wei
6695,ÒÛ,yi
6696,ÒÜ,yi
6697,Òİ,yi
6698,ÒŞ,yi
6699,Òß,yi
6700,ÒÃ,yi
6701,Òá,yi
6702,Òâ,yi
6703,Òã,yi
6704,Òä,yi
6705,Òå,yi
6706,ÒÄ,yi
6707,Òç,yi
6708,Òè,yi
6709,Òé,yi
6710,âø,yi
6711,ğê,yi
6712,ï×,yi
6713,ñ¯,yi
6714,âù,yi
6715,æä,yi
6716,ì½,yi
6717,ìÚ,yi
6718,ôı,yi
6719,ñ´,yi
6720,ì¥,yi
6721,ì¥,qi
6722,á»,yi
6723,Ûİ,yi
6724,éì,yi
6725,àÉ,yi
6726,àÉ,ai
6727,ß×,yi
6728,Ü²,yi
6729,àæ,yi
6730,Øæ,yi
6731,Ú±,yi
6732,âÂ,yi
6733,äô,yi
6734,Øı,yi
6735,ßŞ,yi
6736,ğù,yi
6737,â¢,yi
6738,íô,yi
6739,ôà,yi
6740,ŞÄ,yi
6741,ÜÓ,yi
6742,Üè,yi
6743,Üè,ti
6744,Øî,yi
6745,Øî,ge
6746,Ù«,yi
6747,êİ,yi
6748,îÆ,yi
6749,çË,yi
6750,åÆ,yi
6751,Ø×,yi
6752,ã¨,yi
6753,÷ğ,yi
6754,ôè,yi
6755,ß®,yi
6756,ŞÈ,yi
6757,òæ,yi
6758,Ûü,yi
6759,ŞÚ,yi
6760,áÚ,yi
6761,Ş²,yi
6762,ß½,yi
6763,éó,yi
6764,ïî,yi
6765,ô¯,yi
6766,Òò,yin
6767,Òı,yin
6768,Ó¡,yin
6769,Òø,yin
6770,Òô,yin
6771,Òû,yin
6772,Òõ,yin
6773,Òş,yin
6774,Òñ,yin
6775,Ò÷,yin
6776,Òü,yin
6777,Òú,yin
6778,Òğ,yin
6779,Òù,yin
6780,Òó,yin
6781,Òó,yan
6782,Òö,yin
6783,ÑÌ,yin
6784,ÑÌ,yan
6785,Ü§,yin
6786,Û´,yin
6787,à³,yin
6788,â¹,yin
6789,Ø·,yin
6790,ö¸,yin
6791,ßÅ,yin
6792,Ûß,yin
6793,Ûß,qi
6794,áş,yin
6795,Ûó,yin
6796,ö¯,yin
6797,ò¾,yin
6798,ë³,yin
6799,î÷,yin
6800,ñ¿,yin
6801,ñ¿,xun
6802,ñ«,yin
6803,ä¦,yin
6804,Üá,yin
6805,Ó¦,ying
6806,Ó²,ying
6807,Ó°,ying
6808,Óª,ying
6809,Ó­,ying
6810,Ó³,ying
6811,Ó¬,ying
6812,Ó®,ying
6813,Ó¥,ying
6814,Ó¢,ying
6815,Ó±,ying
6816,Ó¨,ying
6817,Ó¯,ying
6818,Ó¤,ying
6819,Ó£,ying
6820,Ó§,ying
6821,Ó«,ying
6822,Ó©,ying
6823,İÓ,ying
6824,éº,ying
6825,İö,ying
6826,ñ¨,ying
6827,Üã,ying
6828,ğĞ,ying
6829,ëô,ying
6830,İº,ying
6831,è¬,ying
6832,Û«,ying
6833,àÓ,ying
6834,Şü,ying
6835,çø,ying
6836,äŞ,ying
6837,äë,ying
6838,Ùø,ying
6839,ó¿,ying
6840,å­,ying
6841,âß,ying
6842,Üş,ying
6843,Üş,xing
6844,ò£,ying
6845,Ó´,yo
6846,Óı,yo
6847,à¡,yo
6848,ÓÃ,yong
6849,Ó¿,yong
6850,Ó¿,chong
6851,ÓÀ,yong
6852,Óµ,yong
6853,Ó¼,yong
6854,ÓÂ,yong
6855,Óº,yong
6856,Ó½,yong
6857,Ó¾,yong
6858,Ó¶,yong
6859,Ó»,yong
6860,Ó¸,yong
6861,Ó¹,yong
6862,Ó·,yong
6863,ÓÁ,yong
6864,ÛÕ,yong
6865,ã¼,yong
6866,Ù¸,yong
6867,Ü­,yong
6868,÷«,yong
6869,çß,yong
6870,à¯,yong
6871,ğ®,yong
6872,÷Ó,yong
6873,ïŞ,yong
6874,ÓĞ,you
6875,ÓÖ,you
6876,ÓÉ,you
6877,ÓÒ,you
6878,ÓÍ,you
6879,ÓÎ,you
6880,Ó×,you
6881,ÓÅ,you
6882,ÓÑ,you
6883,ÓË,you
6884,ÓÇ,you
6885,ÓÈ,you
6886,ÓÌ,you
6887,ÓÕ,you
6888,ÓÆ,you
6889,ÓÊ,you
6890,ÓÏ,you
6891,ÓÓ,you
6892,ÓÔ,you
6893,ÓÄ,you
6894,ğà,you
6895,Øü,you
6896,òÄ,you
6897,İ¬,you
6898,öÏ,you
6899,ØÕ,you
6900,÷î,you
6901,İµ,you
6902,éà,you
6903,òÊ,you
6904,å¶,you
6905,ë»,you
6906,àó,you
6907,èÖ,you
6908,òö,you
6909,İ¯,you
6910,÷ø,you
6911,îğ,you
6912,òø,you
6913,òø,qiu
6914,ôí,you
6915,ßÏ,you
6916,Ù§,you
6917,Óë,yu
6918,ÓÚ,yu
6919,Óû,yu
6920,Óã,yu
6921,Óê,yu
6922,Óà,yu
6923,Óö,yu
6924,Óï,yu
6925,Óú,yu
6926,Óü,yu
6927,Óñ,yu
6928,Óæ,yu
6929,Óè,yu
6930,Óş,yu
6931,Óı,yu
6932,Óı,yo
6933,ÓŞ,yu
6934,Óğ,yu
6935,Óİ,yu
6936,Óé,yu
6937,ÓÙ,yu
6938,Óß,yu
6939,Óì,yu
6940,Óí,yu
6941,Óî,yu
6942,ÓØ,yu
6943,Óá,yu
6944,Óâ,yu
6945,Óò,yu
6946,Óó,yu
6947,Óô,yu
6948,¹È,yu
6949,¹È,gu
6950,Óõ,yu
6951,Óõ,xu
6952,ÓÛ,yu
6953,Ó÷,yu
6954,Óø,yu
6955,Óù,yu
6956,Óä,yu
6957,Öà,yu
6958,Óå,yu
6959,Î¾,yu
6960,Î¾,wei
6961,ÓÜ,yu
6962,Óç,yu
6963,Ô¡,yu
6964,Ô¢,yu
6965,Ô£,yu
6966,Ô¤,yu
6967,Ô¥,yu
6968,Ô¦,yu
6969,Îµ,yu
6970,Îµ,wei
6971,åı,yu
6972,áÎ,yu
6973,ö§,yu
6974,âÅ,yu
6975,ãĞ,yu
6976,ñ¾,yu
6977,ğÁ,yu
6978,æ¥,yu
6979,Şí,yu
6980,ñÁ,yu
6981,êì,yu
6982,ô§,yu
6983,ô¨,yu
6984,ö¹,yu
6985,İ÷,yu
6986,ìÏ,yu
6987,îÚ,yu
6988,ÚÄ,yu
6989,æú,yu
6990,ì¶,yu
6991,ì¶,wu
6992,óÄ,yu
6993,è¤,yu
6994,Ø®,yu
6995,í²,yu
6996,ì£,yu
6997,Ù¶,yu
6998,Øñ,yu
6999,àô,yu
7000,ğÖ,yu
7001,â×,yu
7002,êÅ,yu
7003,İÇ,yu
7004,ğõ,yu
7005,ÚÍ,yu
7006,å÷,yu
7007,àö,yu
7008,ğö,yu
7009,ìÙ,yu
7010,âÀ,yu
7011,Ø¹,yu
7012,ìÛ,yu
7013,ëé,yu
7014,áü,yu
7015,İÒ,yu
7016,İÒ,wan
7017,òâ,yu
7018,òõ,yu
7019,Ô¶,yuan
7020,Ô±,yuan
7021,Ôª,yuan
7022,Ôº,yuan
7023,Ô²,yuan
7024,Ô­,yuan
7025,Ô¸,yuan
7026,Ô°,yuan
7027,Ô®,yuan
7028,Ô³,yuan
7029,Ô¹,yuan
7030,Ô©,yuan
7031,Ô´,yuan
7032,Ôµ,yuan
7033,Ô¬,yuan
7034,Ô¨,yuan
7035,Ô·,yuan
7036,Ô«,yuan
7037,Ô§,yuan
7038,Ô¯,yuan
7039,à÷,yuan
7040,à÷,huan
7041,ö½,yuan
7042,éÚ,yuan
7043,æÂ,yuan
7044,ë¼,yuan
7045,íó,yuan
7046,ğ°,yuan
7047,Şò,yuan
7048,Ü¾,yuan
7049,Ü¾,yan
7050,ãä,yuan
7051,è¥,yuan
7052,ó¢,yuan
7053,óî,yuan
7054,Ü«,yuan
7055,Ûù,yuan
7056,ÔÂ,yue
7057,Ô½,yue
7058,Ô¼,yue
7059,Ô¼,yao
7060,Ô¾,yue
7061,ÔÄ,yue
7062,ÀÖ,yue
7063,ÀÖ,le
7064,ÔÀ,yue
7065,ÔÃ,yue
7066,Ô»,yue
7067,Ëµ,yue
7068,Ëµ,shui
7069,ÔÁ,yue
7070,Ô¿,yue
7071,Ô¿,yao
7072,å®,yue
7073,îá,yue
7074,ë¾,yue
7075,Ùß,yue
7076,èİ,yue
7077,èİ,li
7078,éĞ,yue
7079,ÔÆ,yun
7080,ÔË,yun
7081,ÔÎ,yun
7082,ÔÊ,yun
7083,ÔÈ,yun
7084,ÔÏ,yun
7085,ÔÉ,yun
7086,ÔĞ,yun
7087,ÔÅ,yun
7088,ÔÌ,yun
7089,ÔÍ,yun
7090,ÔÇ,yun
7091,Ô±,yun
7092,Ô±,yuan
7093,ëµ,yun
7094,ã¢,yun
7095,ã³,yun
7096,Û©,yun
7097,Ü¿,yun
7098,óŞ,yun
7099,óŞ,jun
7100,è¹,yun
7101,êÀ,yun
7102,áñ,yun
7103,éæ,yun
7104,ç¡,yun
7105,ìÙ,yun
7106,ìÙ,yu
7107,ÔÓ,za
7108,ÔÒ,za
7109,Õ¦,za
7110,ÔÑ,za
7111,Ôú,za
7112,ÔÛ,za
7113,ßÆ,za
7114,ŞÙ,za
7115,ÔÚ,zai
7116,ÔÙ,zai
7117,ÔÖ,zai
7118,ÔØ,zai
7119,ÔÔ,zai
7120,Ô×,zai
7121,ÔÕ,zai
7122,çŞ,zai
7123,áÌ,zai
7124,ÔÛ,zan
7125,ÔÛ,za
7126,Ôİ,zan
7127,ÔÜ,zan
7128,ÔÜ,cuan
7129,ÔŞ,zan
7130,ô¢,zan
7131,ôõ,zan
7132,ôØ,zan
7133,è¶,zan
7134,ŞÙ,zan
7135,ŞÙ,za
7136,êÃ,zan
7137,öÉ,zan
7138,Ôà,zang
7139,Ôá,zang
7140,Ôß,zang
7141,²Ø,zang
7142,²Ø,cang
7143,ŞÊ,zang
7144,ê°,zang
7145,æà,zang
7146,Ôç,zao
7147,Ôì,zao
7148,Ôâ,zao
7149,Ôã,zao
7150,Ôî,zao
7151,Ôï,zao
7152,Ôæ,zao
7153,Ôä,zao
7154,Ôê,zao
7155,Ôå,zao
7156,Ôí,zao
7157,Ôë,zao
7158,Ôè,zao
7159,Ôé,zao
7160,ßğ,zao
7161,Ôò,ze
7162,Ôğ,ze
7163,Ôñ,ze
7164,Ôó,ze
7165,Õ¦,ze
7166,Õ¦,za
7167,²à,ze
7168,²à,ce
7169,óå,ze
7170,ô·,ze
7171,àı,ze
7172,åÅ,ze
7173,ßõ,ze
7174,ØÆ,ze
7175,ê¾,ze
7176,óĞ,ze
7177,ØÓ,ze
7178,Ôô,zei
7179,Ôõ,zen
7180,ÚÚ,zen
7181,Ôö,zeng
7182,Ôù,zeng
7183,Ô÷,zeng
7184,Ôø,zeng
7185,Ôø,ceng
7186,×Û,zeng
7187,çÕ,zeng
7188,îÀ,zeng
7189,êµ,zeng
7190,ï­,zeng
7191,Ôú,zha
7192,Ôú,za
7193,Õ¨,zha
7194,Ôü,zha
7195,Õ¢,zha
7196,Õ£,zha
7197,Õ¥,zha
7198,Õ§,zha
7199,Ôş,zha
7200,Ôş,ga
7201,Õ©,zha
7202,Õ¡,zha
7203,Ôı,zha
7204,À¯,zha
7205,À¯,la
7206,²é,zha
7207,²é,cha
7208,Õ¤,zha
7209,Õ¤,shan
7210,Õ¦,zha
7211,Õ¦,za
7212,Ôû,zha
7213,íÄ,zha
7214,ğä,zha
7215,ß¸,zha
7216,ßî,zha
7217,é«,zha
7218,é«,cha
7219,âª,zha
7220,òÆ,zha
7221,Şê,zha
7222,à©,zha
7223,à©,die
7224,×õ,zha
7225,ßå,zha
7226,÷ş,zha
7227,Õª,zhai
7228,Õ­,zhai
7229,Õ®,zhai
7230,Õ«,zhai
7231,Õ¯,zhai
7232,Ôñ,zhai
7233,Ôñ,ze
7234,µÔ,zhai
7235,µÔ,di
7236,Õ¬,zhai
7237,²à,zhai
7238,²à,ce
7239,¼À,zhai
7240,¼À,ji
7241,íÎ,zhai
7242,ñ©,zhai
7243,Õ¾,zhan
7244,Õ¼,zhan
7245,Õ½,zhan
7246,Õµ,zhan
7247,Õ´,zhan
7248,Õ³,zhan
7249,Õ³,nian
7250,Õ±,zhan
7251,Õ¹,zhan
7252,Õ»,zhan
7253,Õ²,zhan
7254,²ü,zhan
7255,²ü,chan
7256,Õº,zhan
7257,Õ¿,zhan
7258,ÕÀ,zhan
7259,Õ¶,zhan
7260,Õ·,zhan
7261,Õ¸,zhan
7262,Õ°,zhan
7263,ÚŞ,zhan
7264,Şø,zhan
7265,ì¹,zhan
7266,ÕÅ,zhang
7267,ÕÂ,zhang
7268,³¤,zhang
7269,³¤,chang
7270,ÕÊ,zhang
7271,ÕÌ,zhang
7272,ÕÉ,zhang
7273,ÕÆ,zhang
7274,ÕÇ,zhang
7275,ÕË,zhang
7276,ÕÁ,zhang
7277,ÕÈ,zhang
7278,ÕÃ,zhang
7279,ÕÄ,zhang
7280,ÕÍ,zhang
7281,ÕÎ,zhang
7282,ÕÏ,zhang
7283,Øë,zhang
7284,æÑ,zhang
7285,á¤,zhang
7286,Ûµ,zhang
7287,è°,zhang
7288,áÖ,zhang
7289,â¯,zhang
7290,ó¯,zhang
7291,ÕÒ,zhao
7292,×Å,zhao
7293,ÕÕ,zhao
7294,ÕĞ,zhao
7295,ÕÖ,zhao
7296,×¦,zhao
7297,Õ×,zhao
7298,³¯,zhao
7299,³¯,chao
7300,ÕÑ,zhao
7301,ÕÓ,zhao
7302,ÕØ,zhao
7303,³°,zhao
7304,³°,chao
7305,ÕÙ,zhao
7306,ÕÙ,shao
7307,ÕÔ,zhao
7308,èş,zhao
7309,ßú,zhao
7310,îÈ,zhao
7311,óÉ,zhao
7312,Ú¯,zhao
7313,×Å,zhe
7314,×Å,zhao
7315,Õâ,zhe
7316,Õß,zhe
7317,ÕÛ,zhe
7318,ÕÛ,she
7319,ÕÚ,zhe
7320,Õİ,zhe
7321,ÕÜ,zhe
7322,Õá,zhe
7323,Õà,zhe
7324,ÕŞ,zhe
7325,Õã,zhe
7326,èÏ,zhe
7327,éü,zhe
7328,ô÷,zhe
7329,ß¡,zhe
7330,ğÑ,zhe
7331,íİ,zhe
7332,ñŞ,zhe
7333,òØ,zhe
7334,ÚØ,zhe
7335,Õâ,zhei
7336,Õâ,zhe
7337,Õæ,zhen
7338,Õó,zhen
7339,Õò,zhen
7340,Õë,zhen
7341,Õğ,zhen
7342,Õí,zhen
7343,Õñ,zhen
7344,Õå,zhen
7345,Õä,zhen
7346,Õî,zhen
7347,Õï,zhen
7348,Õç,zhen
7349,Õè,zhen
7350,Õé,zhen
7351,Õê,zhen
7352,Õì,zhen
7353,çÇ,zhen
7354,İè,zhen
7355,ìõ,zhen
7356,óğ,zhen
7357,éô,zhen
7358,é»,zhen
7359,ğ¡,zhen
7360,êâ,zhen
7361,ëŞ,zhen
7362,ğ²,zhen
7363,ëÓ,zhen
7364,ä¥,zhen
7365,èå,zhen
7366,î³,zhen
7367,ÛÚ,zhen
7368,é©,zhen
7369,é©,shen
7370,Õı,zheng
7371,Õû,zheng
7372,Õö,zheng
7373,Õù,zheng
7374,Õõ,zheng
7375,Õ÷,zheng
7376,Õú,zheng
7377,Ö¤,zheng
7378,Ö¡,zheng
7379,Ö¢,zheng
7380,Ö£,zheng
7381,Õü,zheng
7382,¶¡,zheng
7383,¶¡,ding
7384,Õô,zheng
7385,Õø,zheng
7386,Õş,zheng
7387,á¿,zheng
7388,îÛ,zheng
7389,ï£,zheng
7390,óİ,zheng
7391,Úº,zheng
7392,áç,zheng
7393,öë,zheng
7394,öë,qing
7395,Ö»,zhi
7396,Ö®,zhi
7397,Ö±,zhi
7398,Öª,zhi
7399,ÖÆ,zhi
7400,Ö¸,zhi
7401,Ö½,zhi
7402,Ö§,zhi
7403,Ö¥,zhi
7404,Ö¦,zhi
7405,ÖÉ,zhi
7406,Ö¨,zhi
7407,Ö©,zhi
7408,ÖÊ,zhi
7409,Ö«,zhi
7410,Ö¬,zhi
7411,Ö­,zhi
7412,ÖË,zhi
7413,Ö¯,zhi
7414,Ö°,zhi
7415,ÖÌ,zhi
7416,Ö²,zhi
7417,µÖ,zhi
7418,µÖ,di
7419,Ö³,zhi
7420,Ö³,shi
7421,Ö´,zhi
7422,Öµ,zhi
7423,Ö¶,zhi
7424,Ö·,zhi
7425,ÖÍ,zhi
7426,Ö¹,zhi
7427,Öº,zhi
7428,ÖÎ,zhi
7429,Ö¼,zhi
7430,ÖÏ,zhi
7431,Ö¾,zhi
7432,Ö¿,zhi
7433,ÖÀ,zhi
7434,ÖÁ,zhi
7435,ÖÂ,zhi
7436,ÖÃ,zhi
7437,ÖÄ,zhi
7438,Ê¶,zhi
7439,Ê¶,shi
7440,ÖÅ,zhi
7441,ÖÅ,shi
7442,ÊÏ,zhi
7443,ÊÏ,shi
7444,ÖÇ,zhi
7445,ÖÈ,zhi
7446,àù,zhi
7447,Şı,zhi
7448,íé,zhi
7449,èä,zhi
7450,è×,zhi
7451,éò,zhi
7452,âå,zhi
7453,ìí,zhi
7454,òÎ,zhi
7455,ëù,zhi
7456,ö£,zhi
7457,Û¤,zhi
7458,èÙ,zhi
7459,åé,zhi
7460,ÜÆ,zhi
7461,ìó,zhi
7462,ìó,qi
7463,åë,zhi
7464,ğº,zhi
7465,ôê,zhi
7466,õÙ,zhi
7467,ëÕ,zhi
7468,æï,zhi
7469,éù,zhi
7470,ğë,zhi
7471,Úì,zhi
7472,õÜ,zhi
7473,ïô,zhi
7474,Ûú,zhi
7475,êŞ,zhi
7476,Ø´,zhi
7477,õ¥,zhi
7478,õô,zhi
7479,õÅ,zhi
7480,èÎ,zhi
7481,ÖĞ,zhong
7482,ÖØ,zhong
7483,ÖØ,chong
7484,ÖÖ,zhong
7485,ÖÖ,chong
7486,ÖÓ,zhong
7487,Ö×,zhong
7488,ÖÚ,zhong
7489,ÖÕ,zhong
7490,ÖÑ,zhong
7491,ÖÒ,zhong
7492,ÖÙ,zhong
7493,ÖÔ,zhong
7494,õà,zhong
7495,ô±,zhong
7496,ó®,zhong
7497,ïñ,zhong
7498,Ú£,zhong
7499,âì,zhong
7500,âì,song
7501,ÖÜ,zhou
7502,ÖŞ,zhou
7503,Öå,zhou
7504,Öà,zhou
7505,Öà,yu
7506,Öİ,zhou
7507,Öá,zhou
7508,ÖÛ,zhou
7509,Öç,zhou
7510,Öè,zhou
7511,Öæ,zhou
7512,Öß,zhou
7513,Öâ,zhou
7514,Öã,zhou
7515,Öä,zhou
7516,ôí,zhou
7517,ôí,you
7518,ëĞ,zhou
7519,æû,zhou
7520,İ§,zhou
7521,ßú,zhou
7522,ßú,zhao
7523,íØ,zhou
7524,ç§,zhou
7525,ô¦,zhou
7526,æ¨,zhou
7527,ôü,zhou
7528,×¡,zhu
7529,Ö÷,zhu
7530,Öí,zhu
7531,Öñ,zhu
7532,Öê,zhu
7533,Öó,zhu
7534,Öş,zhu
7535,Öø,zhu
7536,Öü,zhu
7537,Öı,zhu
7538,Öö,zhu
7539,Öô,zhu
7540,×¢,zhu
7541,×£,zhu
7542,×¤,zhu
7543,Êô,zhu
7544,Êô,shu
7545,Êõ,zhu
7546,Êõ,shu
7547,Öé,zhu
7548,Öõ,zhu
7549,Öë,zhu
7550,Öì,zhu
7551,Öù,zhu
7552,Öî,zhu
7553,Öï,zhu
7554,Öğ,zhu
7555,Öú,zhu
7556,Öò,zhu
7557,Öû,zhu
7558,äó,zhu
7559,ä¨,zhu
7560,Øù,zhu
7561,ğñ,zhu
7562,ôã,zhu
7563,Üï,zhu
7564,ÜÑ,zhu
7565,éÍ,zhu
7566,ô¶,zhu
7567,èÌ,zhu
7568,óç,zhu
7569,ìÄ,zhu
7570,Ùª,zhu
7571,îù,zhu
7572,ğæ,zhu
7573,ä¾,zhu
7574,ñÒ,zhu
7575,õî,zhu
7576,÷æ,zhu
7577,Û¥,zhu
7578,éÆ,zhu
7579,óÃ,zhu
7580,×¥,zhua
7581,×¦,zhua
7582,×¦,zhao
7583,ÎÎ,zhua
7584,ÎÎ,wo
7585,×§,zhuai
7586,×ª,zhuai
7587,×ª,zhuan
7588,×ª,zhuai
7589,×¨,zhuan
7590,×©,zhuan
7591,×¬,zhuan
7592,´«,zhuan
7593,´«,chuan
7594,×«,zhuan
7595,×­,zhuan
7596,ò§,zhuan
7597,âÍ,zhuan
7598,ßù,zhuan
7599,ãç,zhuan
7600,ãç,dun
7601,×°,zhuang
7602,×²,zhuang
7603,×¯,zhuang
7604,×³,zhuang
7605,×®,zhuang
7606,×´,zhuang
7607,´±,zhuang
7608,´±,chuang
7609,×±,zhuang
7610,Ù×,zhuang
7611,ŞÊ,zhuang
7612,ŞÊ,zang
7613,í°,zhuang
7614,í°,gang
7615,×·,zhui
7616,×¹,zhui
7617,×º,zhui
7618,×¶,zhui
7619,×¸,zhui
7620,×µ,zhui
7621,×µ,chui
7622,æí,zhui
7623,ã·,zhui
7624,çÄ,zhui
7625,ö¿,zhui
7626,×¼,zhun
7627,×»,zhun
7628,ÍÍ,zhun
7629,ÍÍ,tun
7630,ëÆ,zhun
7631,ñ¸,zhun
7632,×½,zhuo
7633,×À,zhuo
7634,×Å,zhuo
7635,×Å,zhao
7636,×Ä,zhuo
7637,×¾,zhuo
7638,×Æ,zhuo
7639,×Ç,zhuo
7640,×¿,zhuo
7641,×Á,zhuo
7642,½É,zhuo
7643,½É,jiao
7644,×Â,zhuo
7645,×Ã,zhuo
7646,ßª,zhuo
7647,ìÌ,zhuo
7648,ìÌ,chao
7649,åª,zhuo
7650,ÚÂ,zhuo
7651,ä·,zhuo
7652,äÃ,zhuo
7653,Ù¾,zhuo
7654,ïí,zhuo
7655,ìú,zhuo
7656,í½,zhuo
7657,×Ö,zi
7658,×Ô,zi
7659,×Ó,zi
7660,×Ï,zi
7661,×Ñ,zi
7662,×Ê,zi
7663,×Ë,zi
7664,Ö¨,zi
7665,Ö¨,zhi
7666,×Ò,zi
7667,×Ğ,zi
7668,×È,zi
7669,×È,ci
7670,×É,zi
7671,×Î,zi
7672,×Õ,zi
7673,×Ì,zi
7674,×Í,zi
7675,óÊ,zi
7676,ôÒ,zi
7677,ö·,zi
7678,ïö,zi
7679,í§,zi
7680,ÚÑ,zi
7681,ôô,zi
7682,ç»,zi
7683,è÷,zi
7684,öö,zi
7685,ïÅ,zi
7686,æÜ,zi
7687,ñè,zi
7688,õş,zi
7689,÷Ú,zi
7690,êß,zi
7691,Üë,zi
7692,ö¤,zi
7693,áÑ,zi
7694,íö,zi
7695,æ¢,zi
7696,ê¢,zi
7697,×Ü,zong
7698,×İ,zong
7699,×Ú,zong
7700,×Ø,zong
7701,×Û,zong
7702,×Û,zeng
7703,×Ù,zong
7704,××,zong
7705,ÙÌ,zong
7706,ôÕ,zong
7707,èÈ,zong
7708,èÈ,cong
7709,ëê,zong
7710,×ß,zou
7711,×á,zou
7712,×à,zou
7713,×Ş,zou
7714,öí,zou
7715,Û¸,zou
7716,Úî,zou
7717,æã,zou
7718,ÚÁ,zou
7719,×é,zu
7720,×å,zu
7721,×ã,zu
7722,×è,zu
7723,×â,zu
7724,×æ,zu
7725,×ç,zu
7726,İÏ,zu
7727,ïß,zu
7728,×ä,zu
7729,×ä,cu
7730,ÙŞ,zu
7731,×ê,zuan
7732,×ë,zuan
7733,×¬,zuan
7734,×¬,zhuan
7735,çÚ,zuan
7736,õò,zuan
7737,ß¬,zuan
7738,×î,zui
7739,×ì,zui
7740,×í,zui
7741,×ï,zui
7742,¶Ñ,zui
7743,¶Ñ,dui
7744,¾×,zui
7745,¾×,ju
7746,õş,zui
7747,õş,zi
7748,Ş©,zui
7749,×ğ,zun
7750,×ñ,zun
7751,÷®,zun
7752,ß¤,zun
7753,é×,zun
7754,×ö,zuo
7755,×÷,zuo
7756,×ø,zuo
7757,×ó,zuo
7758,×ù,zuo
7759,×ò,zuo
7760,Ôä,zuo
7761,Ôä,zao
7762,×Á,zuo
7763,×Á,zhuo
7764,´é,zuo
7765,´é,cuo
7766,×ô,zuo
7767,óĞ,zuo
7768,óĞ,ze
7769,àÜ,zuo
7770,àÜ,chuai
7771,õ¡,zuo
7772,õ¡,cu
7773,ßò,zuo
7774,ìñ,zuo
7775,ëÑ,zuo
7776,âô,zuo
7777,Úè,zuo
7778,×õ,zuo
7779,×õ,zha
